검색어,title,price,img,url
키보드,[로지텍코리아] K380 멀티 디바이스 키보드,34900,http://item.ssgcdn.com/21/80/41/item/1000025418021_i1_232.jpg,http://emart.ssg.com//item/itemView.ssg?itemId=1000025418021&siteNo=6001&salestrNo=6005&tlidSrchWd=키보드&srchPgNo=1&src_area=elist
키보드,[포스트잇 증정]로지텍코리아 정품 무선키보드 MX KEYS/백라이트/유니파잉+블루투스/멀티페어링,139000,http://item.ssgcdn.com/21/80/41/item/1000025418021_i2_232.jpg,http://emart.ssg.com//item/itemView.ssg?itemId=1000036654325&siteNo=6001&salestrNo=6005&tlidSrchWd=키보드&srchPgNo=1&src_area=elist
키보드,키보드 로지텍 K120(NEW),11900,http://item.ssgcdn.com/25/43/65/item/1000036654325_i1_232.jpg,http://emart.ssg.com//item/itemView.ssg?itemId=0000008560530&siteNo=6001&salestrNo=2034&tlidSrchWd=키보드&srchPgNo=1&src_area=elist
키보드,[로지텍코리아] K780 무선 블루투스 키보드,79000,http://item.ssgcdn.com/25/43/65/item/1000036654325_i2_232.jpg,http://emart.ssg.com//item/itemView.ssg?itemId=1000025423652&siteNo=6001&salestrNo=6005&tlidSrchWd=키보드&srchPgNo=1&src_area=elist
키보드,[로지텍코리아] K375s 무선 블루투스 키보드,31900,http://item.ssgcdn.com/30/05/56/item/0000008560530_i1_232.jpg,http://emart.ssg.com//item/itemView.ssg?itemId=1000025417125&siteNo=6001&salestrNo=6005&tlidSrchWd=키보드&srchPgNo=1&src_area=elist
키보드,[로지텍코리아] 로지텍 슬림 멀티키보드 K580(화이트),59900,http://item.ssgcdn.com/30/05/56/item/0000008560530_i2_232.jpg,http://emart.ssg.com//item/itemView.ssg?itemId=1000035659746&siteNo=6001&salestrNo=2027&tlidSrchWd=키보드&srchPgNo=1&src_area=elist
키보드,[JAJU/자주] 부드러운 타이핑 무선키보드와 무선마우스 화이트,39900,http://item.ssgcdn.com/52/36/42/item/1000025423652_i1_232.jpg,http://emart.ssg.com//item/itemView.ssg?itemId=1000030577340&siteNo=6001&salestrNo=2034&tlidSrchWd=키보드&srchPgNo=1&src_area=elist
키보드,SMARTEK 무선키보드마우스콤보(화이트),16900,http://item.ssgcdn.com/25/71/41/item/1000025417125_i1_232.jpg,http://emart.ssg.com//item/itemView.ssg?itemId=1000033904483&siteNo=6001&salestrNo=2034&tlidSrchWd=키보드&srchPgNo=1&src_area=elist
키보드,[로지텍] 무선 키보드마우스 SET(mk345),49900,http://item.ssgcdn.com/46/97/65/item/1000035659746_i1_232.jpg,http://emart.ssg.com//item/itemView.ssg?itemId=1000010598285&siteNo=6001&salestrNo=2034&tlidSrchWd=키보드&srchPgNo=1&src_area=elist
키보드,[로지텍코리아] G512 GX 신제품 기계식 게이밍 키보드,129000,http://item.ssgcdn.com/40/73/57/item/1000030577340_i1_232.jpg,http://emart.ssg.com//item/itemView.ssg?itemId=1000036069461&siteNo=6001&salestrNo=6005&tlidSrchWd=키보드&srchPgNo=1&src_area=elist
키보드,[로지텍코리아] 로지텍 슬림 멀티키보드 K580(블랙),59900,http://item.ssgcdn.com/40/73/57/item/1000030577340_i2_232.jpg,http://emart.ssg.com//item/itemView.ssg?itemId=1000035659748&siteNo=6001&salestrNo=2027&tlidSrchWd=키보드&srchPgNo=1&src_area=elist
키보드,콕스 엔데버 텐키리스 RGB 무접점 키보드 (화이트),99000,http://item.ssgcdn.com/83/44/90/item/1000033904483_i1_232.jpg,http://emart.ssg.com//item/itemView.ssg?itemId=1000038591069&siteNo=6001&salestrNo=6005&tlidSrchWd=키보드&srchPgNo=1&src_area=elist
키보드,COX 엠프리스 RGB PBT 무접점 키보드 (화이트),109000,http://item.ssgcdn.com/85/82/59/item/1000010598285_i1_232.jpg,http://emart.ssg.com//item/itemView.ssg?itemId=1000038591071&siteNo=6001&salestrNo=6005&tlidSrchWd=키보드&srchPgNo=1&src_area=elist
키보드,로지텍 무선 콤보 MK275,39900,http://item.ssgcdn.com/85/82/59/item/1000010598285_i2_232.jpg,http://emart.ssg.com//item/itemView.ssg?itemId=1000019098600&siteNo=6001&salestrNo=2034&tlidSrchWd=키보드&srchPgNo=1&src_area=elist
키보드,삼성전자 SPA-JKA1BUB 키보드,12700,http://item.ssgcdn.com/61/94/06/item/1000036069461_i1_232.jpg,http://emart.ssg.com//item/itemView.ssg?itemId=1000036443854&siteNo=6001&salestrNo=6005&tlidSrchWd=키보드&srchPgNo=1&src_area=elist
키보드,로지텍 Wireless Combo MK220 (정품) 키보드＋마우스 /이마트,22047,http://item.ssgcdn.com/61/94/06/item/1000036069461_i2_232.jpg,http://emart.ssg.com//item/itemView.ssg?itemId=1000050217663&siteNo=6001&salestrNo=6005&tlidSrchWd=키보드&srchPgNo=1&src_area=elist
키보드,[로지텍코리아] K120 NEW 유선 키보드(블랙/키스킨포함),9600,http://item.ssgcdn.com/48/97/65/item/1000035659748_i1_232.jpg,http://emart.ssg.com//item/itemView.ssg?itemId=1000011178106&siteNo=6001&salestrNo=6005&tlidSrchWd=키보드&srchPgNo=1&src_area=elist
키보드,GTune MKF30S RAINBOW/기계식/키보드/LED백라이트,38400,http://item.ssgcdn.com/69/10/59/item/1000038591069_i1_232.jpg,http://emart.ssg.com//item/itemView.ssg?itemId=1000037299970&siteNo=6001&salestrNo=6005&tlidSrchWd=키보드&srchPgNo=1&src_area=elist
키보드,HP GK400F LED 게이밍 기계식 키보드 (청축),25900,http://item.ssgcdn.com/71/10/59/item/1000038591071_i1_232.jpg,http://emart.ssg.com//item/itemView.ssg?itemId=1000045531076&siteNo=6001&salestrNo=6005&tlidSrchWd=키보드&srchPgNo=1&src_area=elist
키보드,엑토 레트로 멤브레인 저소음 무선 키보드 KBD-48,27540,http://item.ssgcdn.com/00/86/09/item/1000019098600_i1_232.jpg,http://emart.ssg.com//item/itemView.ssg?itemId=1000036862090&siteNo=6001&salestrNo=6005&tlidSrchWd=키보드&srchPgNo=1&src_area=elist
키보드,필립스 G505 기계식 키보드 (적축),26870,http://item.ssgcdn.com/00/86/09/item/1000019098600_i2_232.jpg,http://emart.ssg.com//item/itemView.ssg?itemId=1000052463307&siteNo=6001&salestrNo=6005&tlidSrchWd=키보드&srchPgNo=1&src_area=elist
키보드,기계식 키보드 K70 RGB MK.2 MX SILENT (저소음 적축 / RGB LED / 멀티미디어 키),225000,http://item.ssgcdn.com/54/38/44/item/1000036443854_i1_232.jpg,http://emart.ssg.com//item/itemView.ssg?itemId=1000030197840&siteNo=6001&salestrNo=6005&tlidSrchWd=키보드&srchPgNo=1&src_area=elist
키보드,앱코 K995P V3 RGB PBT 무접점  게이밍키보드 블랙 45G,151700,http://item.ssgcdn.com/63/76/21/item/1000050217663_i1_232.jpg,http://emart.ssg.com//item/itemView.ssg?itemId=1000052345290&siteNo=6001&salestrNo=6005&tlidSrchWd=키보드&srchPgNo=1&src_area=elist
키보드,레이저 오나타 V2 KR 키보드,139000,http://item.ssgcdn.com/06/81/17/item/1000011178106_i1_232.jpg,http://emart.ssg.com//item/itemView.ssg?itemId=1000049753016&siteNo=6001&salestrNo=6005&tlidSrchWd=키보드&srchPgNo=1&src_area=elist
키보드,로지텍 G512 GX RGB 기계식 키보드 (택틀축),129000,http://item.ssgcdn.com/70/99/29/item/1000037299970_i1_232.jpg,http://emart.ssg.com//item/itemView.ssg?itemId=1000045531271&siteNo=6001&salestrNo=6005&tlidSrchWd=키보드&srchPgNo=1&src_area=elist
키보드,로지텍코리아 Mk200 유선 키보드+마우스 콤보,18500,http://item.ssgcdn.com/70/99/29/item/1000037299970_i2_232.jpg,http://emart.ssg.com//item/itemView.ssg?itemId=1000031749730&siteNo=6001&salestrNo=6005&tlidSrchWd=키보드&srchPgNo=1&src_area=elist
키보드,앱코 K965P V2 PBT 무접점 게이밍키보드 55G,106600,http://item.ssgcdn.com/76/10/53/item/1000045531076_i1_232.jpg,http://emart.ssg.com//item/itemView.ssg?itemId=1000052427231&siteNo=6001&salestrNo=6005&tlidSrchWd=키보드&srchPgNo=1&src_area=elist
키보드,K10E LED 멤브레인 이중사출 오피스 사무용 컴퓨터 게이밍 유선키보드 블랙,24225,http://item.ssgcdn.com/76/10/53/item/1000045531076_i2_232.jpg,http://emart.ssg.com//item/itemView.ssg?itemId=1000054889497&siteNo=6001&salestrNo=6005&tlidSrchWd=키보드&srchPgNo=1&src_area=elist
키보드,COX 엠프리스 RGB PBT 무접점 키보드 화이트 (35g),109000,http://item.ssgcdn.com/90/20/86/item/1000036862090_i1_232.jpg,http://emart.ssg.com//item/itemView.ssg?itemId=1000038591055&siteNo=6001&salestrNo=6005&tlidSrchWd=키보드&srchPgNo=1&src_area=elist
키보드,COX CK108 BT 게이트론 기계식 키보드 화이트 (갈축),109000,http://item.ssgcdn.com/07/33/46/item/1000052463307_i1_232.jpg,http://emart.ssg.com//item/itemView.ssg?itemId=1000052463327&siteNo=6001&salestrNo=6005&tlidSrchWd=키보드&srchPgNo=1&src_area=elist
키보드,삼성전자 SKG-3000UB 유선 키보드 (USB키스킨포함),14700,http://item.ssgcdn.com/40/78/19/item/1000030197840_i1_232.jpg,http://emart.ssg.com//item/itemView.ssg?itemId=1000038591138&siteNo=6001&salestrNo=6005&tlidSrchWd=키보드&srchPgNo=1&src_area=elist
키보드,COX CK250 LED 텐키레스 기계식 키보드 화이트 (적축),28900,http://item.ssgcdn.com/40/78/19/item/1000030197840_i2_232.jpg,http://emart.ssg.com//item/itemView.ssg?itemId=1000038590579&siteNo=6001&salestrNo=6005&tlidSrchWd=키보드&srchPgNo=1&src_area=elist
키보드,앱코 K660 ARC RGB 프리미엄 게이밍키보드 블랙 리니어,69500,http://item.ssgcdn.com/90/52/34/item/1000052345290_i1_232.jpg,http://emart.ssg.com//item/itemView.ssg?itemId=1000054980976&siteNo=6001&salestrNo=6005&tlidSrchWd=키보드&srchPgNo=1&src_area=elist
키보드,한성 GK787S OfficeMaster 키보드 블랙 저소음 적축,79900,http://item.ssgcdn.com/90/52/34/item/1000052345290_i2_232.jpg,http://emart.ssg.com//item/itemView.ssg?itemId=1000052463295&siteNo=6001&salestrNo=6005&tlidSrchWd=키보드&srchPgNo=1&src_area=elist
키보드,앱코 K150 유선 키보드,9900,http://item.ssgcdn.com/16/30/75/item/1000049753016_i1_232.jpg,http://emart.ssg.com//item/itemView.ssg?itemId=1000045531257&siteNo=6001&salestrNo=6005&tlidSrchWd=키보드&srchPgNo=1&src_area=elist
키보드,IRIVER 무선 키보드&마우스 세트 EQwear-V1000,34900,http://item.ssgcdn.com/16/30/75/item/1000049753016_i2_232.jpg,http://emart.ssg.com//item/itemView.ssg?itemId=1000052033029&siteNo=6001&salestrNo=6005&tlidSrchWd=키보드&srchPgNo=1&src_area=elist
키보드,GK998B SKY 블루투스 기계식 한글(멀티페어링/체리스위치/PBT이중사출),141500,http://item.ssgcdn.com/71/12/53/item/1000045531271_i1_232.jpg,http://emart.ssg.com//item/itemView.ssg?itemId=1000053163625&siteNo=6001&salestrNo=6005&tlidSrchWd=키보드&srchPgNo=1&src_area=elist
키보드,마이크로닉스 MANIC X70 RGB 마닉축 기계식 키보드 블랙적축,49900,http://item.ssgcdn.com/71/12/53/item/1000045531271_i2_232.jpg,http://emart.ssg.com//item/itemView.ssg?itemId=1000038590537&siteNo=6001&salestrNo=6005&tlidSrchWd=키보드&srchPgNo=1&src_area=elist
키보드,IRIVER 무선 키보드&마우스 세트 EQwear-Q150,34900,http://item.ssgcdn.com/30/97/74/item/1000031749730_i1_232.jpg,http://emart.ssg.com//item/itemView.ssg?itemId=1000040360955&siteNo=6001&salestrNo=6005&tlidSrchWd=키보드&srchPgNo=1&src_area=elist
키보드,GTune MBF77 Vision/멤브레인/키보드/LED/메탈바디,18400,http://item.ssgcdn.com/31/72/42/item/1000052427231_i1_232.jpg,http://emart.ssg.com//item/itemView.ssg?itemId=1000037299719&siteNo=6001&salestrNo=6005&tlidSrchWd=키보드&srchPgNo=1&src_area=elist
키보드,앱코 K660 완전방수 게이밍 기계식키보드 블랙 리니어,58900,http://item.ssgcdn.com/31/72/42/item/1000052427231_i2_232.jpg,http://emart.ssg.com//item/itemView.ssg?itemId=1000052326893&siteNo=6001&salestrNo=6005&tlidSrchWd=키보드&srchPgNo=1&src_area=elist
키보드,(삼성전자) SKS-9000UB 키보드,20995,http://item.ssgcdn.com/97/94/88/item/1000054889497_i1_232.jpg,http://emart.ssg.com//item/itemView.ssg?itemId=1000053255088&siteNo=6001&salestrNo=6005&tlidSrchWd=키보드&srchPgNo=1&src_area=elist
키보드,로지텍코리아 정품 무선키보드 K270/유니파잉 지원,23900,http://item.ssgcdn.com/55/10/59/item/1000038591055_i1_232.jpg,http://emart.ssg.com//item/itemView.ssg?itemId=1000036386620&siteNo=6001&salestrNo=6005&tlidSrchWd=키보드&srchPgNo=1&src_area=elist
키보드,큐센 GP-K7000 키보드,11700,http://item.ssgcdn.com/27/33/46/item/1000052463327_i1_232.jpg,http://emart.ssg.com//item/itemView.ssg?itemId=1000036443710&siteNo=6001&salestrNo=6005&tlidSrchWd=키보드&srchPgNo=1&src_area=elist
키보드,로지텍 K270 ＋ M185 그레이 세트 /이마트,38747,http://item.ssgcdn.com/38/11/59/item/1000038591138_i1_232.jpg,http://emart.ssg.com//item/itemView.ssg?itemId=1000050216980&siteNo=6001&salestrNo=6005&tlidSrchWd=키보드&srchPgNo=1&src_area=elist
키보드,[로지텍코리아] PRO X 기계식 게이밍 키보드,189000,http://item.ssgcdn.com/38/11/59/item/1000038591138_i2_232.jpg,http://emart.ssg.com//item/itemView.ssg?itemId=1000037102829&siteNo=6001&salestrNo=6005&tlidSrchWd=키보드&srchPgNo=1&src_area=elist
키보드,[로지텍코리아] MK270R 무선 키보드+마우스 콤보,29800,http://item.ssgcdn.com/79/05/59/item/1000038590579_i1_232.jpg,http://emart.ssg.com//item/itemView.ssg?itemId=1000011177273&siteNo=6001&salestrNo=6005&tlidSrchWd=키보드&srchPgNo=1&src_area=elist
키보드,Blackwidow Lite Mercury US 레이저 블랙위도우 라이트 머큐리 화이트 스텔스 오렌지축 텐키리스 키보드,139000,http://item.ssgcdn.com/76/09/98/item/1000054980976_i1_232.jpg,http://emart.ssg.com//item/itemView.ssg?itemId=1000035096359&siteNo=6001&salestrNo=6005&tlidSrchWd=키보드&srchPgNo=1&src_area=elist
키보드,필립스 SPK8605 기계식 키보드 (청축),29900,http://item.ssgcdn.com/76/09/98/item/1000054980976_i2_232.jpg,http://emart.ssg.com//item/itemView.ssg?itemId=1000052463198&siteNo=6001&salestrNo=6005&tlidSrchWd=키보드&srchPgNo=1&src_area=elist
키보드,[로지텍코리아] G913 RGB 기계식 무선 게이밍 키보드,299000,http://item.ssgcdn.com/95/32/46/item/1000052463295_i1_232.jpg,http://emart.ssg.com//item/itemView.ssg?itemId=1000036069712&siteNo=6001&salestrNo=6005&tlidSrchWd=키보드&srchPgNo=1&src_area=elist
키보드,[로지텍코리아] 로지텍 무선 일루미네이티드 키보드MX KEYS,149000,http://item.ssgcdn.com/95/32/46/item/1000052463295_i2_232.jpg,http://emart.ssg.com//item/itemView.ssg?itemId=1000036779832&siteNo=6001&salestrNo=2027&tlidSrchWd=키보드&srchPgNo=1&src_area=elist
키보드, MS 키보드/마우스 세트 데스크탑 850/무선,27800,http://item.ssgcdn.com/57/12/53/item/1000045531257_i1_232.jpg,http://emart.ssg.com//item/itemView.ssg?itemId=1000016835574&siteNo=6001&salestrNo=6005&tlidSrchWd=키보드&srchPgNo=1&src_area=elist
키보드,레이저 블랙위도우 V3 PRO US 녹축 무선 키보드,310000,http://item.ssgcdn.com/29/30/03/item/1000052033029_i1_232.jpg,http://emart.ssg.com//item/itemView.ssg?itemId=1000054482429&siteNo=6001&salestrNo=6005&tlidSrchWd=키보드&srchPgNo=1&src_area=elist
키보드,로지텍코리아 정품 USB 유선키보드 K120,9900,http://item.ssgcdn.com/29/30/03/item/1000052033029_i2_232.jpg,http://emart.ssg.com//item/itemView.ssg?itemId=1000036398667&siteNo=6001&salestrNo=6005&tlidSrchWd=키보드&srchPgNo=1&src_area=elist
키보드,레이저 블랙위도우 리니어 KR 키보드 옐로우축,109000,http://item.ssgcdn.com/25/36/16/item/1000053163625_i1_232.jpg,http://emart.ssg.com//item/itemView.ssg?itemId=1000044254718&siteNo=6001&salestrNo=6005&tlidSrchWd=키보드&srchPgNo=1&src_area=elist
키보드,COX CK87 BT 게이트론 텐키리스 기계식 화이트 (갈축),93000,http://item.ssgcdn.com/25/36/16/item/1000053163625_i2_232.jpg,http://emart.ssg.com//item/itemView.ssg?itemId=1000052463324&siteNo=6001&salestrNo=6005&tlidSrchWd=키보드&srchPgNo=1&src_area=elist
키보드,엑토 퍼펙트 비동기식 무선 숫자 키패드 NBK-23,19040,http://item.ssgcdn.com/37/05/59/item/1000038590537_i1_232.jpg,http://emart.ssg.com//item/itemView.ssg?itemId=1000050915989&siteNo=6001&salestrNo=6005&tlidSrchWd=키보드&srchPgNo=1&src_area=elist
키보드,앱코 KP10 키패드 키패드,5800,http://item.ssgcdn.com/55/09/36/item/1000040360955_i1_232.jpg,http://emart.ssg.com//item/itemView.ssg?itemId=1000045531345&siteNo=6001&salestrNo=6005&tlidSrchWd=키보드&srchPgNo=1&src_area=elist
키보드,앱코 K660 단일 LED 게이밍 기계식키보드 클릭,49900,http://item.ssgcdn.com/55/09/36/item/1000040360955_i2_232.jpg,http://emart.ssg.com//item/itemView.ssg?itemId=1000052325530&siteNo=6001&salestrNo=6005&tlidSrchWd=키보드&srchPgNo=1&src_area=elist
키보드,카카오 무선 키보드 라이언 어피치,38220,http://item.ssgcdn.com/19/97/29/item/1000037299719_i1_232.jpg,http://emart.ssg.com//item/itemView.ssg?itemId=1000040232394&siteNo=6001&salestrNo=6005&tlidSrchWd=키보드&srchPgNo=1&src_area=elist
키보드,엑토 레트로 팝 비동기식 무선 숫자 키패드 NBK-24,21760,http://item.ssgcdn.com/19/97/29/item/1000037299719_i2_232.jpg,http://emart.ssg.com//item/itemView.ssg?itemId=1000043572694&siteNo=6001&salestrNo=6005&tlidSrchWd=키보드&srchPgNo=1&src_area=elist
키보드,[해외직구]로지텍 K380 멀티 디바이스 무선 키보드/블루투스 기능 지원/아이패드 호환 가능/무료배송,36900,http://item.ssgcdn.com/93/68/32/item/1000052326893_i1_232.jpg,http://emart.ssg.com//item/itemView.ssg?itemId=1000042631449&siteNo=6001&salestrNo=6005&tlidSrchWd=키보드&srchPgNo=1&src_area=elist
키보드,GTune MBF77 Fusion/멤브레인/합본/키보드/LED,22400,http://item.ssgcdn.com/93/68/32/item/1000052326893_i2_232.jpg,http://emart.ssg.com//item/itemView.ssg?itemId=1000037299715&siteNo=6001&salestrNo=6005&tlidSrchWd=키보드&srchPgNo=1&src_area=elist
키보드,유선키보드 SKG-3000UB,20900,http://item.ssgcdn.com/88/50/25/item/1000053255088_i1_232.jpg,http://emart.ssg.com//item/itemView.ssg?itemId=1000020475719&siteNo=6001&salestrNo=2034&tlidSrchWd=키보드&srchPgNo=1&src_area=elist
키보드,HEXGEARS GK705 카일박스 기계식 키보드 (적축) /이마트,58336,http://item.ssgcdn.com/20/66/38/item/1000036386620_i1_232.jpg,http://emart.ssg.com//item/itemView.ssg?itemId=1000050216848&siteNo=6001&salestrNo=6005&tlidSrchWd=키보드&srchPgNo=1&src_area=elist
키보드,MANLAB 만렙 블루투스키보드 BK101,39200,http://item.ssgcdn.com/10/37/44/item/1000036443710_i1_232.jpg,http://emart.ssg.com//item/itemView.ssg?itemId=1000040427729&siteNo=6001&salestrNo=6005&tlidSrchWd=키보드&srchPgNo=1&src_area=elist
키보드,COX CK87 크림블루 게이트론 LED 게이밍 기계식 키보드 (갈축),70110,http://item.ssgcdn.com/80/69/21/item/1000050216980_i1_232.jpg,http://emart.ssg.com//item/itemView.ssg?itemId=1000050132939&siteNo=6001&salestrNo=6005&tlidSrchWd=키보드&srchPgNo=1&src_area=elist
키보드,로지텍코리아 G PRO X Mechanical Gaming,157860,http://item.ssgcdn.com/29/28/10/item/1000037102829_i1_232.jpg,http://emart.ssg.com//item/itemView.ssg?itemId=1000038590648&siteNo=6001&salestrNo=6005&tlidSrchWd=키보드&srchPgNo=1&src_area=elist
키보드,블루투스 무선키보드 스마트폰 태블릿 KB1371BT,18522,http://item.ssgcdn.com/29/28/10/item/1000037102829_i3_232.jpg,http://emart.ssg.com//item/itemView.ssg?itemId=1000033646086&siteNo=6001&salestrNo=6005&tlidSrchWd=키보드&srchPgNo=1&src_area=elist
키보드,*[JAJU/자주] 부드러운 타이핑 무선키보드와 무선마우스 화이트,39900,http://item.ssgcdn.com/73/72/17/item/1000011177273_i1_232.jpg,http://emart.ssg.com//item/itemView.ssg?itemId=1000038594314&siteNo=6001&salestrNo=2027&tlidSrchWd=키보드&srchPgNo=1&src_area=elist
키보드,레오폴드 FC900R PD 스웨디시 화이트 한글 저소음 적축 키보드,158137,http://item.ssgcdn.com/59/63/09/item/1000035096359_i1_232.jpg,http://emart.ssg.com//item/itemView.ssg?itemId=1000053993519&siteNo=6001&salestrNo=6005&tlidSrchWd=키보드&srchPgNo=1&src_area=elist
키보드,"기계식 키보드 K70 RGB MK.2 LOW PROFILE RAPIDFIRE 은축 (한글, 104키배열)",229000,http://item.ssgcdn.com/59/63/09/item/1000035096359_i2_232.jpg,http://emart.ssg.com//item/itemView.ssg?itemId=1000033396316&siteNo=6001&salestrNo=6005&tlidSrchWd=키보드&srchPgNo=1&src_area=elist
키보드,[로지텍코리아] MK850 키보드+마우스 콤보(무선블루투스),99000,http://item.ssgcdn.com/98/31/46/item/1000052463198_i1_232.jpg,http://emart.ssg.com//item/itemView.ssg?itemId=1000022419584&siteNo=6001&salestrNo=6005&tlidSrchWd=키보드&srchPgNo=1&src_area=elist
키보드,[해외직구]정품 로지텍 K780 멀티디바이스 블루투스 키보드/logitech K780/최대 3대 동시 연결/저소음 타이핑,62900,http://item.ssgcdn.com/98/31/46/item/1000052463198_i2_232.jpg,http://emart.ssg.com//item/itemView.ssg?itemId=1000048434785&siteNo=6001&salestrNo=6005&tlidSrchWd=키보드&srchPgNo=1&src_area=elist
키보드,[로지텍코리아]MK240 NANO 무선 키보드+마우스 콤보,24900,http://item.ssgcdn.com/12/97/06/item/1000036069712_i1_232.jpg,http://emart.ssg.com//item/itemView.ssg?itemId=1000024696985&siteNo=6001&salestrNo=6005&tlidSrchWd=키보드&srchPgNo=1&src_area=elist
키보드,앱코 HACKER K515 게이밍 기계식 키보드 블랙 (청축),29900,http://item.ssgcdn.com/32/98/77/item/1000036779832_i1_232.jpg,http://emart.ssg.com//item/itemView.ssg?itemId=1000038590710&siteNo=6001&salestrNo=6005&tlidSrchWd=키보드&srchPgNo=1&src_area=elist
키보드,COX PBT 체리식 기계식키보드 CARAVEL108 (풀사이즈),196000,http://item.ssgcdn.com/32/98/77/item/1000036779832_i2_232.jpg,http://emart.ssg.com//item/itemView.ssg?itemId=1000037393312&siteNo=6001&salestrNo=6005&tlidSrchWd=키보드&srchPgNo=1&src_area=elist
키보드,2_다와시스/ HEXGEARS GK705 카일박스 기계식 키보드 (갈축) /이마트,58336,http://item.ssgcdn.com/74/55/83/item/1000016835574_i1_232.jpg,http://emart.ssg.com//item/itemView.ssg?itemId=1000050217997&siteNo=6001&salestrNo=6005&tlidSrchWd=키보드&srchPgNo=1&src_area=elist
키보드,2_다와시스/ M337 (블랙) ＋ 타거스 AKF001 블루투스 키보드 마우스 세트 /이마트,55355,http://item.ssgcdn.com/29/24/48/item/1000054482429_i1_232.jpg,http://emart.ssg.com//item/itemView.ssg?itemId=1000050223552&siteNo=6001&salestrNo=6005&tlidSrchWd=키보드&srchPgNo=1&src_area=elist
키보드,앱코 HACKER K516 축교환 측면RGB 옐로우 갈축,30900,http://item.ssgcdn.com/29/24/48/item/1000054482429_i2_232.jpg,http://emart.ssg.com//item/itemView.ssg?itemId=1000038590721&siteNo=6001&salestrNo=6005&tlidSrchWd=키보드&srchPgNo=1&src_area=elist
키보드,[로지텍코리아] K380 멀티 디바이스 키보드,34900,http://item.ssgcdn.com/67/86/39/item/1000036398667_i1_232.jpg,http://shinsegaemall.ssg.com/item/itemView.ssg?itemId=1000025418021&siteNo=6004&salestrNo=6005
키보드,[포스트잇 증정]로지텍코리아 정품 무선키보드 MX KEYS/백라이트/유니파잉+블루투스/멀티페어링,139000,http://item.ssgcdn.com/18/47/25/item/1000044254718_i1_232.jpg,http://shinsegaemall.ssg.com/item/itemView.ssg?itemId=1000036654325&siteNo=6004&salestrNo=6005
키보드,[로지텍코리아] K780 무선 블루투스 키보드,79000,http://item.ssgcdn.com/18/47/25/item/1000044254718_i2_232.jpg,http://shinsegaemall.ssg.com/item/itemView.ssg?itemId=1000025423652&siteNo=6004&salestrNo=6005
키보드,[로지텍코리아] K375s 무선 블루투스 키보드,31900,http://item.ssgcdn.com/24/33/46/item/1000052463324_i1_232.jpg,http://shinsegaemall.ssg.com/item/itemView.ssg?itemId=1000025417125&siteNo=6004&salestrNo=6005
키보드,[로지텍코리아] G512 GX 신제품 기계식 게이밍 키보드,129000,http://item.ssgcdn.com/24/33/46/item/1000052463324_i2_232.jpg,http://shinsegaemall.ssg.com/item/itemView.ssg?itemId=1000036069461&siteNo=6004&salestrNo=6005
키보드,[로지텍코리아] K120 NEW 유선 키보드(블랙/키스킨포함),9600,http://item.ssgcdn.com/89/59/91/item/1000050915989_i1_232.jpg,http://shinsegaemall.ssg.com/item/itemView.ssg?itemId=1000011178106&siteNo=6004&salestrNo=6005
키보드,GTune MKF30S RAINBOW/기계식/키보드/LED백라이트,38400,http://item.ssgcdn.com/45/13/53/item/1000045531345_i1_232.jpg,http://shinsegaemall.ssg.com/item/itemView.ssg?itemId=1000037299970&siteNo=6004&salestrNo=6005
키보드,엑토 레트로 멤브레인 저소음 무선 키보드 KBD-48,27540,http://item.ssgcdn.com/30/55/32/item/1000052325530_i1_232.jpg,http://shinsegaemall.ssg.com/item/itemView.ssg?itemId=1000036862090&siteNo=6004&salestrNo=6005
키보드,기계식 키보드 K70 RGB MK.2 MX SILENT (저소음 적축 / RGB LED / 멀티미디어 키),225000,http://item.ssgcdn.com/30/55/32/item/1000052325530_i2_232.jpg,http://shinsegaemall.ssg.com/item/itemView.ssg?itemId=1000030197840&siteNo=6004&salestrNo=6005
키보드,앱코 K995P V3 RGB PBT 무접점  게이밍키보드 블랙 45G,151700,http://item.ssgcdn.com/94/23/23/item/1000040232394_i1_232.jpg,http://shinsegaemall.ssg.com/item/itemView.ssg?itemId=1000052345290&siteNo=6004&salestrNo=6005
키보드,레이저 오나타 V2 KR 키보드,139000,http://item.ssgcdn.com/94/23/23/item/1000040232394_i2_232.jpg,http://shinsegaemall.ssg.com/item/itemView.ssg?itemId=1000049753016&siteNo=6004&salestrNo=6005
키보드,로지텍코리아 Mk200 유선 키보드+마우스 콤보,18500,http://item.ssgcdn.com/94/26/57/item/1000043572694_i1_232.jpg,http://shinsegaemall.ssg.com/item/itemView.ssg?itemId=1000031749730&siteNo=6004&salestrNo=6005
키보드,앱코 K965P V2 PBT 무접점 게이밍키보드 55G,106600,http://item.ssgcdn.com/49/14/63/item/1000042631449_i1_232.jpg,http://shinsegaemall.ssg.com/item/itemView.ssg?itemId=1000052427231&siteNo=6004&salestrNo=6005
키보드,K10E LED 멤브레인 이중사출 오피스 사무용 컴퓨터 게이밍 유선키보드 블랙,24225,http://item.ssgcdn.com/49/14/63/item/1000042631449_i2_232.jpg,http://shinsegaemall.ssg.com/item/itemView.ssg?itemId=1000054889497&siteNo=6004&salestrNo=6005
키보드,앱코 K660 ARC RGB 프리미엄 게이밍키보드 블랙 리니어,69500,http://item.ssgcdn.com/15/97/29/item/1000037299715_i1_232.jpg,http://shinsegaemall.ssg.com/item/itemView.ssg?itemId=1000054980976&siteNo=6004&salestrNo=6005
키보드,IRIVER 무선 키보드&마우스 세트 EQwear-V1000,34900,http://item.ssgcdn.com/19/57/47/item/1000020475719_i1_232.jpg,http://shinsegaemall.ssg.com/item/itemView.ssg?itemId=1000052033029&siteNo=6004&salestrNo=6005
키보드,SMARTEK 무선키보드마우스콤보(화이트),16900,http://item.ssgcdn.com/48/68/21/item/1000050216848_i1_232.jpg,http://emart.ssg.com//item/itemView.ssg?itemId=1000033904483&siteNo=6001&salestrNo=2034&tlidSrchWd=키보드&srchPgNo=1&src_area=preference&taste=PPurchase
키보드,[로지텍코리아] K580 슬림 블루투스 멀티 키보드,59900,http://item.ssgcdn.com/29/77/42/item/1000040427729_i1_232.jpg,http://emart.ssg.com//item/itemView.ssg?itemId=1000035616767&siteNo=6001&salestrNo=6005&tlidSrchWd=키보드&srchPgNo=1&src_area=preference&taste=PCart
키보드,[로지텍코리아] G613 무선 기계식 게이밍 키보드,109000,http://item.ssgcdn.com/29/77/42/item/1000040427729_i2_232.jpg,http://emart.ssg.com//item/itemView.ssg?itemId=1000024100853&siteNo=6001&salestrNo=6005&tlidSrchWd=키보드&srchPgNo=1&src_area=preference&taste=PClick
키보드,[JAJU/자주] 부드러운 타이핑 블루투스 무선 키보드 마우스,59900,http://item.ssgcdn.com/39/29/13/item/1000050132939_i1_232.jpg,http://emart.ssg.com//item/itemView.ssg?itemId=1000049265613&siteNo=6001&salestrNo=2034&tlidSrchWd=키보드&srchPgNo=1&src_area=preference&taste=PClip
키보드,[로지텍코리아]로지텍 MK235 무선 보드마우스 세트,20900,http://item.ssgcdn.com/48/06/59/item/1000038590648_i1_232.jpg,http://emart.ssg.com//item/itemView.ssg?itemId=1000036689789&siteNo=6001&salestrNo=6005&tlidSrchWd=키보드&srchPgNo=1&src_area=preference&taste=PPurchase
키보드,[로지텍코리아] K780 무선 블루투스 키보드,79000,http://item.ssgcdn.com/86/60/64/item/1000033646086_i1_232.jpg,http://emart.ssg.com//item/itemView.ssg?itemId=1000025423652&siteNo=6001&salestrNo=6005&tlidSrchWd=키보드&srchPgNo=1&src_area=preference&taste=PCart
키보드,[로지텍코리아] 로지텍 슬림 멀티키보드 K580(화이트),59900,http://item.ssgcdn.com/14/43/59/item/1000038594314_i1_232.jpg,http://emart.ssg.com//item/itemView.ssg?itemId=1000035659746&siteNo=6001&salestrNo=2027&tlidSrchWd=키보드&srchPgNo=1&src_area=preference&taste=PClick
키보드,[로지텍코리아] G913 RGB 기계식 무선 게이밍 키보드,299000,http://item.ssgcdn.com/14/43/59/item/1000038594314_i2_232.jpg,http://emart.ssg.com//item/itemView.ssg?itemId=1000036069712&siteNo=6001&salestrNo=6005&tlidSrchWd=키보드&srchPgNo=1&src_area=preference&taste=PClip
키보드,로지텍 무선 콤보 MK275,39900,http://item.ssgcdn.com/19/35/99/item/1000053993519_i1_232.jpg,http://emart.ssg.com//item/itemView.ssg?itemId=1000019098600&siteNo=6001&salestrNo=2034&tlidSrchWd=키보드&srchPgNo=1&src_area=preference&taste=PPurchase
키보드,[로지텍코리아] PRO X 기계식 게이밍 키보드,189000,http://item.ssgcdn.com/16/63/39/item/1000033396316_i1_232.jpg,http://emart.ssg.com//item/itemView.ssg?itemId=1000037102829&siteNo=6001&salestrNo=6005&tlidSrchWd=키보드&srchPgNo=1&src_area=preference&taste=PCart
키보드,[로지텍코리아] K120 NEW 유선 키보드(블랙/키스킨포함),9600,http://item.ssgcdn.com/16/63/39/item/1000033396316_i2_232.jpg,http://emart.ssg.com//item/itemView.ssg?itemId=1000011178106&siteNo=6001&salestrNo=6005&tlidSrchWd=키보드&srchPgNo=1&src_area=preference&taste=PClick
키보드,엑토 미니레트로블루트스키보드 BTK-03GY,25900,http://item.ssgcdn.com/84/95/41/item/1000022419584_i1_232.jpg,http://emart.ssg.com//item/itemView.ssg?itemId=1000036881834&siteNo=6001&salestrNo=2034&tlidSrchWd=키보드&srchPgNo=1&src_area=preference&taste=PClip
키보드,유선키보드 SKG-3000UB,20900,http://item.ssgcdn.com/85/47/43/item/1000048434785_i1_232.jpg,http://emart.ssg.com//item/itemView.ssg?itemId=1000020475719&siteNo=6001&salestrNo=2034&tlidSrchWd=키보드&srchPgNo=1&src_area=preference&taste=PPurchase
키보드,[로지텍코리아] MX KEYS 고급 무선 일루미네이티드 키보드,139000,http://item.ssgcdn.com/85/47/43/item/1000048434785_i2_232.jpg,http://emart.ssg.com//item/itemView.ssg?itemId=1000050212226&siteNo=6001&salestrNo=6005&tlidSrchWd=키보드&srchPgNo=1&src_area=preference&taste=PCart
키보드,[로지텍코리아] MK470 슬림 무선 콤보 키보드 마우스,64900,http://item.ssgcdn.com/85/69/69/item/1000024696985_i1_232.jpg,http://emart.ssg.com//item/itemView.ssg?itemId=1000034856279&siteNo=6001&salestrNo=6005&tlidSrchWd=키보드&srchPgNo=1&src_area=preference&taste=PClick
키보드,[로지텍코리아]로지텍 MK270R 무선 키보드마우스세트,29800,http://item.ssgcdn.com/10/07/59/item/1000038590710_i1_232.jpg,http://emart.ssg.com//item/itemView.ssg?itemId=1000036688672&siteNo=6001&salestrNo=6005&tlidSrchWd=키보드&srchPgNo=1&src_area=preference&taste=PClip
키보드,[포스트잇 증정]로지텍코리아 정품 무선키보드 MX KEYS/백라이트/유니파잉+블루투스/멀티페어링,139000,http://item.ssgcdn.com/12/33/39/item/1000037393312_i1_232.jpg,http://emart.ssg.com//item/itemView.ssg?itemId=1000036654325&siteNo=6001&salestrNo=6005&tlidSrchWd=키보드&srchPgNo=1&src_area=preference&taste=PPurchase
키보드,[로지텍코리아] G913 TKL 텐키리스 무선 게이밍 키보드,279000,http://item.ssgcdn.com/12/33/39/item/1000037393312_i2_232.jpg,http://emart.ssg.com//item/itemView.ssg?itemId=1000048843346&siteNo=6001&salestrNo=6005&tlidSrchWd=키보드&srchPgNo=1&src_area=preference&taste=PCart
키보드,로지텍 무선콤보 MK240 NANO,29900,http://item.ssgcdn.com/97/79/21/item/1000050217997_i1_232.jpg,http://emart.ssg.com//item/itemView.ssg?itemId=1000018519035&siteNo=6001&salestrNo=2034&tlidSrchWd=키보드&srchPgNo=1&src_area=preference&taste=PClick
키보드,[로지텍 코리아]로지텍 MK470 무선 키보드마우스 세트 [퓨어화이트],64900,http://item.ssgcdn.com/52/35/22/item/1000050223552_i1_232.jpg,http://emart.ssg.com//item/itemView.ssg?itemId=1000036812751&siteNo=6001&salestrNo=6005&tlidSrchWd=키보드&srchPgNo=1&src_area=preference&taste=PClip
키보드,키보드 로지텍 K120(NEW),11900,http://item.ssgcdn.com/21/07/59/item/1000038590721_i1_232.jpg,http://emart.ssg.com//item/itemView.ssg?itemId=0000008560530&siteNo=6001&salestrNo=2034&tlidSrchWd=키보드&srchPgNo=1&src_area=preference&taste=PPurchase
키보드,[로지텍 코리아] MK850 블루투스 멀티 키보드 마우스,99000,http://item.ssgcdn.com/21/80/41/item/1000025418021_i1_232.jpg,http://emart.ssg.com//item/itemView.ssg?itemId=1000036797089&siteNo=6001&salestrNo=6005&tlidSrchWd=키보드&srchPgNo=1&src_area=preference&taste=PCart
키보드,[로지텍코리아] 로지텍 무선 일루미네이티드 키보드MX KEYS,149000,http://item.ssgcdn.com/21/80/41/item/1000025418021_i2_232.jpg,http://emart.ssg.com//item/itemView.ssg?itemId=1000036779832&siteNo=6001&salestrNo=2027&tlidSrchWd=키보드&srchPgNo=1&src_area=preference&taste=PClick
키보드,*[JAJU/자주] 부드러운 타이핑 무선키보드와 무선마우스 화이트,39900,http://item.ssgcdn.com/25/43/65/item/1000036654325_i1_232.jpg,http://emart.ssg.com//item/itemView.ssg?itemId=1000038594314&siteNo=6001&salestrNo=2027&tlidSrchWd=키보드&srchPgNo=1&src_area=preference&taste=PClip
키보드,[로지텍] 무선 키보드마우스 SET(mk345),49900,http://item.ssgcdn.com/25/43/65/item/1000036654325_i2_232.jpg,http://emart.ssg.com//item/itemView.ssg?itemId=1000010598285&siteNo=6001&salestrNo=2034&tlidSrchWd=키보드&srchPgNo=1&src_area=preference&taste=PPurchase
키보드,[로지텍코리아] G512 GX 신제품 기계식 게이밍 키보드,129000,http://item.ssgcdn.com/52/36/42/item/1000025423652_i1_232.jpg,http://emart.ssg.com//item/itemView.ssg?itemId=1000036069461&siteNo=6001&salestrNo=6005&tlidSrchWd=키보드&srchPgNo=1&src_area=preference&taste=PCart
키보드,로지텍 무선콤보 MK240 NANO,29900,http://item.ssgcdn.com/25/71/41/item/1000025417125_i1_232.jpg,http://emart.ssg.com//item/itemView.ssg?itemId=1000018519034&siteNo=6001&salestrNo=2034&tlidSrchWd=키보드&srchPgNo=1&src_area=preference&taste=PClick
키보드,MANLAB 만렙 블루투스키보드 BK101,39200,http://item.ssgcdn.com/61/94/06/item/1000036069461_i1_232.jpg,http://emart.ssg.com//item/itemView.ssg?itemId=1000040427729&siteNo=6001&salestrNo=6005&tlidSrchWd=키보드&srchPgNo=1&src_area=preference&taste=PClip
키보드,[로지텍코리아] K375s 무선 블루투스 키보드,31900,http://item.ssgcdn.com/61/94/06/item/1000036069461_i2_232.jpg,http://emart.ssg.com//item/itemView.ssg?itemId=1000025417125&siteNo=6001&salestrNo=6005&tlidSrchWd=키보드&srchPgNo=1&src_area=preference&taste=PPurchase
키보드,[해외직구]로지텍 K380 멀티 디바이스 무선 키보드/블루투스 기능 지원/아이패드 호환 가능/무료배송,36900,http://item.ssgcdn.com/06/81/17/item/1000011178106_i1_232.jpg,http://emart.ssg.com//item/itemView.ssg?itemId=1000042631449&siteNo=6001&salestrNo=6005&tlidSrchWd=키보드&srchPgNo=1&src_area=preference&taste=PCart
키보드,[로지텍코리아] K380 멀티 디바이스 키보드,34900,http://item.ssgcdn.com/70/99/29/item/1000037299970_i1_232.jpg,http://emart.ssg.com//item/itemView.ssg?itemId=1000025418021&siteNo=6001&salestrNo=6005&tlidSrchWd=키보드&srchPgNo=1&src_area=ervw
키보드,[포스트잇 증정]로지텍코리아 정품 무선키보드 MX KEYS/백라이트/유니파잉+블루투스/멀티페어링,139000,http://item.ssgcdn.com/70/99/29/item/1000037299970_i2_232.jpg,http://emart.ssg.com//item/itemView.ssg?itemId=1000036654325&siteNo=6001&salestrNo=6005&tlidSrchWd=키보드&srchPgNo=1&src_area=ervw
키보드,키보드 로지텍 K120(NEW),11900,http://item.ssgcdn.com/90/20/86/item/1000036862090_i1_232.jpg,http://emart.ssg.com//item/itemView.ssg?itemId=0000008560530&siteNo=6001&salestrNo=2034&tlidSrchWd=키보드&srchPgNo=1&src_area=ervw
키보드,[로지텍코리아] K780 무선 블루투스 키보드,79000,http://item.ssgcdn.com/40/78/19/item/1000030197840_i1_232.jpg,http://emart.ssg.com//item/itemView.ssg?itemId=1000025423652&siteNo=6001&salestrNo=6005&tlidSrchWd=키보드&srchPgNo=1&src_area=ervw
키보드,[로지텍코리아] K375s 무선 블루투스 키보드,31900,http://item.ssgcdn.com/40/78/19/item/1000030197840_i2_232.jpg,http://emart.ssg.com//item/itemView.ssg?itemId=1000025417125&siteNo=6001&salestrNo=6005&tlidSrchWd=키보드&srchPgNo=1&src_area=ervw
키보드,[로지텍코리아] 로지텍 슬림 멀티키보드 K580(화이트),59900,http://item.ssgcdn.com/90/52/34/item/1000052345290_i1_232.jpg,http://emart.ssg.com//item/itemView.ssg?itemId=1000035659746&siteNo=6001&salestrNo=2027&tlidSrchWd=키보드&srchPgNo=1&src_area=ervw
키보드,[JAJU/자주] 부드러운 타이핑 무선키보드와 무선마우스 화이트,39900,http://item.ssgcdn.com/90/52/34/item/1000052345290_i2_232.jpg,http://emart.ssg.com//item/itemView.ssg?itemId=1000030577340&siteNo=6001&salestrNo=2034&tlidSrchWd=키보드&srchPgNo=1&src_area=ervw
키보드,SMARTEK 무선키보드마우스콤보(화이트),16900,http://item.ssgcdn.com/16/30/75/item/1000049753016_i1_232.jpg,http://emart.ssg.com//item/itemView.ssg?itemId=1000033904483&siteNo=6001&salestrNo=2034&tlidSrchWd=키보드&srchPgNo=1&src_area=ervw
키보드,[로지텍] 무선 키보드마우스 SET(mk345),49900,http://item.ssgcdn.com/16/30/75/item/1000049753016_i2_232.jpg,http://emart.ssg.com//item/itemView.ssg?itemId=1000010598285&siteNo=6001&salestrNo=2034&tlidSrchWd=키보드&srchPgNo=1&src_area=ervw
키보드,[로지텍코리아] G512 GX 신제품 기계식 게이밍 키보드,129000,http://item.ssgcdn.com/30/97/74/item/1000031749730_i1_232.jpg,http://emart.ssg.com//item/itemView.ssg?itemId=1000036069461&siteNo=6001&salestrNo=6005&tlidSrchWd=키보드&srchPgNo=1&src_area=ervw
키보드,[로지텍코리아] 로지텍 슬림 멀티키보드 K580(블랙),59900,http://item.ssgcdn.com/31/72/42/item/1000052427231_i1_232.jpg,http://emart.ssg.com//item/itemView.ssg?itemId=1000035659748&siteNo=6001&salestrNo=2027&tlidSrchWd=키보드&srchPgNo=1&src_area=ervw
키보드,콕스 엔데버 텐키리스 RGB 무접점 키보드 (화이트),99000,http://item.ssgcdn.com/31/72/42/item/1000052427231_i2_232.jpg,http://emart.ssg.com//item/itemView.ssg?itemId=1000038591069&siteNo=6001&salestrNo=6005&tlidSrchWd=키보드&srchPgNo=1&src_area=ervw
키보드,[HOSA] 호사 KBT-442  Single-X 키보드 스탠드,36000,http://item.ssgcdn.com/97/94/88/item/1000054889497_i1_232.jpg,http://emart.ssg.com//item/itemView.ssg?itemId=1000043076361&siteNo=6001&salestrNo=6005&tlidSrchWd=키보드&srchPgNo=1&src_area=ebook
키보드,펑크 키보드,10800,http://item.ssgcdn.com/76/09/98/item/1000054980976_i1_232.jpg,http://emart.ssg.com//item/itemView.ssg?itemId=1000004340555&siteNo=6001&salestrNo=6005&tlidSrchWd=키보드&srchPgNo=1&src_area=ebook
키보드,키보드 기초 교본,13500,http://item.ssgcdn.com/76/09/98/item/1000054980976_i2_232.jpg,http://emart.ssg.com//item/itemView.ssg?itemId=1000006217574&siteNo=6001&salestrNo=6005&tlidSrchWd=키보드&srchPgNo=1&src_area=ebook
키보드,[NATIVE INSTRUMENTS] KOMPLETE KONTROL M32 - 초소형 키보드 컨트롤러,169000,http://item.ssgcdn.com/29/30/03/item/1000052033029_i1_232.jpg,http://emart.ssg.com//item/itemView.ssg?itemId=1000034888580&siteNo=6001&salestrNo=6005&tlidSrchWd=키보드&srchPgNo=1&src_area=ebook
한우,"[냉장]베이비로인 아기용 무항생제 한우 우둔살(이유식&유아식 용, 1등급 이상, 덩어리 30g X 8팩) 240g",21600,http://item.ssgcdn.com/16/72/12/item/1000045127216_i1_232.jpg,http://emart.ssg.com//item/itemView.ssg?itemId=1000045127216&siteNo=6001&salestrNo=6005&tlidSrchWd=한우&srchPgNo=1&src_area=elist&advertBidId=1000692860&advertExtensTeryDivCd=10
한우,"[냉장]베이비로인 아기용 무항생제 한우 안심(이유식&유아식 용, 1등급 이상, 덩어리 안심 30g X 8팩) 240g",43200,http://item.ssgcdn.com/16/72/12/item/1000045127216_i2_232.jpg,http://emart.ssg.com//item/itemView.ssg?itemId=1000044408511&siteNo=6001&salestrNo=6005&tlidSrchWd=한우&srchPgNo=1&src_area=elist&advertBidId=1000692786&advertExtensTeryDivCd=10
한우,한우앞다리 시즈닝스테이크(100g)(팩),6800,http://item.ssgcdn.com/11/85/40/item/1000044408511_i1_232.jpg,http://emart.ssg.com//item/itemView.ssg?itemId=1000027322645&siteNo=6001&salestrNo=2034&tlidSrchWd=한우&srchPgNo=1&src_area=elist
한우,한우설도 시즈닝스테이크(100g),6800,http://item.ssgcdn.com/11/85/40/item/1000044408511_i2_232.jpg,http://emart.ssg.com//item/itemView.ssg?itemId=1000027275667&siteNo=6001&salestrNo=2034&tlidSrchWd=한우&srchPgNo=1&src_area=elist
한우,[패밀리] 양념 소불고기 600g,11800,http://item.ssgcdn.com/45/26/32/item/1000027322645_i1_232.jpg,http://earlymorning.ssg.com/item/itemView.ssg?itemId=2097000013336&siteNo=7009&salestrNo=2449&tlidSrchWd=한우&srchPgNo=1&src_area=elist
한우,[피코크] 한우 고기 곰탕 500g,6700,http://item.ssgcdn.com/45/26/32/item/1000027322645_i2_232.jpg,http://emart.ssg.com//item/itemView.ssg?itemId=0000010370465&siteNo=6001&salestrNo=2034&tlidSrchWd=한우&srchPgNo=1&src_area=elist
한우,한우안심 헤비스테이크 (100g)(팩),16800,http://item.ssgcdn.com/67/56/27/item/1000027275667_i1_232.jpg,http://emart.ssg.com//item/itemView.ssg?itemId=1000027389181&siteNo=6001&salestrNo=2034&tlidSrchWd=한우&srchPgNo=1&src_area=elist
한우,한우채끝 헤비시즈닝스테이크(100g),15800,http://item.ssgcdn.com/67/56/27/item/1000027275667_i2_232.jpg,http://emart.ssg.com//item/itemView.ssg?itemId=1000028000651&siteNo=6001&salestrNo=2034&tlidSrchWd=한우&srchPgNo=1&src_area=elist
한우,국내산 횡성 한우 사골 (1.5kg),20500,http://item.ssgcdn.com/36/33/01/item/2097000013336_i1_232.jpg,http://emart.ssg.com//item/itemView.ssg?itemId=0000007922131&siteNo=6001&salestrNo=2034&tlidSrchWd=한우&srchPgNo=1&src_area=elist
한우,냉장한우국거리(절단)1등급300g,15984,http://item.ssgcdn.com/36/33/01/item/2097000013336_i2_232.jpg,http://earlymorning.ssg.com/item/itemView.ssg?itemId=2097000256979&siteNo=7009&salestrNo=2449&tlidSrchWd=한우&srchPgNo=1&src_area=elist
한우,냉장한우불고기1등급300g,15984,http://item.ssgcdn.com/65/04/37/item/0000010370465_i1_232.jpg,http://earlymorning.ssg.com/item/itemView.ssg?itemId=2097000257020&siteNo=7009&salestrNo=2449&tlidSrchWd=한우&srchPgNo=1&src_area=elist
한우,국내산 횡성 한우 꼬리 반골 (1.5kg),29500,http://item.ssgcdn.com/65/04/37/item/0000010370465_i2_232.jpg,http://emart.ssg.com//item/itemView.ssg?itemId=0000007921296&siteNo=6001&salestrNo=2034&tlidSrchWd=한우&srchPgNo=1&src_area=elist
한우,(WET)황제구이(한우앞다리살)1+등급(100g)(소팩),7000,http://item.ssgcdn.com/81/91/38/item/1000027389181_i1_232.jpg,http://emart.ssg.com//item/itemView.ssg?itemId=1000050247463&siteNo=6001&salestrNo=2034&tlidSrchWd=한우&srchPgNo=1&src_area=elist
한우,국내산 횡성 한우 잡뼈 (1.5kg),13000,http://item.ssgcdn.com/81/91/38/item/1000027389181_i2_232.jpg,http://emart.ssg.com//item/itemView.ssg?itemId=0000007922321&siteNo=6001&salestrNo=2034&tlidSrchWd=한우&srchPgNo=1&src_area=elist
한우,한우냉동차돌박이1등급(250g),23600,http://item.ssgcdn.com/51/06/00/item/1000028000651_i1_232.jpg,http://emart.ssg.com//item/itemView.ssg?itemId=1000044119029&siteNo=6001&salestrNo=2034&tlidSrchWd=한우&srchPgNo=1&src_area=elist
한우,냉장한우국거리(절단)1+등급300g,17904,http://item.ssgcdn.com/51/06/00/item/1000028000651_i2_232.jpg,http://earlymorning.ssg.com/item/itemView.ssg?itemId=2097000257136&siteNo=7009&salestrNo=2449&tlidSrchWd=한우&srchPgNo=1&src_area=elist
한우,냉장한우불고기1+등급300g,17904,http://item.ssgcdn.com/31/21/92/item/0000007922131_i1_232.jpg,http://earlymorning.ssg.com/item/itemView.ssg?itemId=2097000257174&siteNo=7009&salestrNo=2449&tlidSrchWd=한우&srchPgNo=1&src_area=elist
한우,한우국거리1등급150g(팩),5988,http://item.ssgcdn.com/31/21/92/item/0000007922131_i2_232.jpg,http://earlymorning.ssg.com/item/itemView.ssg?itemId=2097000097008&siteNo=7009&salestrNo=2449&tlidSrchWd=한우&srchPgNo=1&src_area=elist
한우,냉동 한우 목심 바로구이 300g,13986,http://item.ssgcdn.com/79/69/25/item/2097000256979_i1_232.jpg,http://earlymorning.ssg.com/item/itemView.ssg?itemId=2097000985428&siteNo=7009&salestrNo=2449&tlidSrchWd=한우&srchPgNo=1&src_area=elist
한우,냉장한우국거리(미절단)1+등급300g,17904,http://item.ssgcdn.com/79/69/25/item/2097000256979_i2_232.jpg,http://earlymorning.ssg.com/item/itemView.ssg?itemId=2097000257143&siteNo=7009&salestrNo=2449&tlidSrchWd=한우&srchPgNo=1&src_area=elist
한우,국내산 횡성 한우 우족 (1.5kg),25500,http://item.ssgcdn.com/20/70/25/item/2097000257020_i1_232.jpg,http://emart.ssg.com//item/itemView.ssg?itemId=0000007921297&siteNo=6001&salestrNo=2034&tlidSrchWd=한우&srchPgNo=1&src_area=elist
한우,한우잡뼈2.5kg,18500,http://item.ssgcdn.com/20/70/25/item/2097000257020_i2_232.jpg,http://emart.ssg.com//item/itemView.ssg?itemId=1000012334118&siteNo=6001&salestrNo=2034&tlidSrchWd=한우&srchPgNo=1&src_area=elist
한우,한우안심구이용1+등급(100g)(소팩),16500,http://item.ssgcdn.com/96/12/92/item/0000007921296_i1_232.jpg,http://emart.ssg.com//item/itemView.ssg?itemId=0000008303314&siteNo=6001&salestrNo=2034&tlidSrchWd=한우&srchPgNo=1&src_area=elist
한우,냉장한우등심구이용1등급300g,34485,http://item.ssgcdn.com/96/12/92/item/0000007921296_i2_232.jpg,http://earlymorning.ssg.com/item/itemView.ssg?itemId=2097000257006&siteNo=7009&salestrNo=2449&tlidSrchWd=한우&srchPgNo=1&src_area=elist
한우,한우사골2.5kg,23500,http://item.ssgcdn.com/63/74/24/item/1000050247463_i1_232.jpg,http://emart.ssg.com//item/itemView.ssg?itemId=1000012334155&siteNo=6001&salestrNo=2034&tlidSrchWd=한우&srchPgNo=1&src_area=elist
한우,냉동 한우 차돌박이 바로구이 300g,21588,http://item.ssgcdn.com/63/74/24/item/1000050247463_i2_232.jpg,http://earlymorning.ssg.com/item/itemView.ssg?itemId=2097000984780&siteNo=7009&salestrNo=2449&tlidSrchWd=한우&srchPgNo=1&src_area=elist
한우,냉장한우국거리(미절단)1등급300g,19980,http://item.ssgcdn.com/21/23/92/item/0000007922321_i1_232.jpg,http://earlymorning.ssg.com/item/itemView.ssg?itemId=2097000256993&siteNo=7009&salestrNo=2449&tlidSrchWd=한우&srchPgNo=1&src_area=elist
한우,한우우족2.5kg,30500,http://item.ssgcdn.com/21/23/92/item/0000007922321_i2_232.jpg,http://emart.ssg.com//item/itemView.ssg?itemId=1000012334122&siteNo=6001&salestrNo=2034&tlidSrchWd=한우&srchPgNo=1&src_area=elist
한우,무항생제 국내산 소고기 양지 국거리 200g(냉동),7904,http://item.ssgcdn.com/29/90/11/item/1000044119029_i1_232.jpg,http://earlymorning.ssg.com/item/itemView.ssg?itemId=2097000989280&siteNo=7009&salestrNo=2449&tlidSrchWd=한우&srchPgNo=1&src_area=elist
한우,[냉동]설성목장 무항생제 한우 샤브샤브용 300g (1등급이상),18800,http://item.ssgcdn.com/36/71/25/item/2097000257136_i1_232.jpg,http://earlymorning.ssg.com/item/itemView.ssg?itemId=2097000810300&siteNo=7009&salestrNo=2449&tlidSrchWd=한우&srchPgNo=1&src_area=elist
한우,[냉동]우리맛소 국내산 소고기 다짐육 200g,8480,http://item.ssgcdn.com/36/71/25/item/2097000257136_i2_232.jpg,http://earlymorning.ssg.com/item/itemView.ssg?itemId=2097000840796&siteNo=7009&salestrNo=2449&tlidSrchWd=한우&srchPgNo=1&src_area=elist
한우,(원)국내산 한우 설도 불고기용 1+등급 (100g),6200,http://item.ssgcdn.com/74/71/25/item/2097000257174_i1_232.jpg,http://emart.ssg.com//item/itemView.ssg?itemId=1000028417114&siteNo=6001&salestrNo=2034&tlidSrchWd=한우&srchPgNo=1&src_area=elist
한우,한우국거리1등급300g(팩),11388,http://item.ssgcdn.com/74/71/25/item/2097000257174_i2_232.jpg,http://earlymorning.ssg.com/item/itemView.ssg?itemId=2097000078144&siteNo=7009&salestrNo=2449&tlidSrchWd=한우&srchPgNo=1&src_area=elist
한우,[한우] 김해축협 한우언양식양념불고기(냉장) 300g,12980,http://item.ssgcdn.com/08/70/09/item/2097000097008_i1_232.jpg,http://earlymorning.ssg.com/item/itemView.ssg?itemId=2097000257624&siteNo=7009&salestrNo=2449&tlidSrchWd=한우&srchPgNo=1&src_area=elist
한우,냉장한우채끝스테이크용1등급300g,39735,http://item.ssgcdn.com/08/70/09/item/2097000097008_i2_232.jpg,http://earlymorning.ssg.com/item/itemView.ssg?itemId=2097000257082&siteNo=7009&salestrNo=2449&tlidSrchWd=한우&srchPgNo=1&src_area=elist
한우,냉장한우안심구이용1+등급300g,51184,http://item.ssgcdn.com/28/54/98/item/2097000985428_i1_232.jpg,http://earlymorning.ssg.com/item/itemView.ssg?itemId=2097000257211&siteNo=7009&salestrNo=2449&tlidSrchWd=한우&srchPgNo=1&src_area=elist
한우,냉장한우채끝구이용1등급300g,39735,http://item.ssgcdn.com/28/54/98/item/2097000985428_i2_232.jpg,http://earlymorning.ssg.com/item/itemView.ssg?itemId=2097000257075&siteNo=7009&salestrNo=2449&tlidSrchWd=한우&srchPgNo=1&src_area=elist
한우,한우불고기1등급300g(팩),11388,http://item.ssgcdn.com/43/71/25/item/2097000257143_i1_232.jpg,http://earlymorning.ssg.com/item/itemView.ssg?itemId=2097000078137&siteNo=7009&salestrNo=2449&tlidSrchWd=한우&srchPgNo=1&src_area=elist
한우,냉장한우장조림(정육)1등급300g,19980,http://item.ssgcdn.com/43/71/25/item/2097000257143_i2_232.jpg,http://earlymorning.ssg.com/item/itemView.ssg?itemId=2097000257044&siteNo=7009&salestrNo=2449&tlidSrchWd=한우&srchPgNo=1&src_area=elist
한우,[wet에이징]냉장 한우 삼각살 구이 300g,16237,http://item.ssgcdn.com/97/12/92/item/0000007921297_i1_232.jpg,http://earlymorning.ssg.com/item/itemView.ssg?itemId=2097000984681&siteNo=7009&salestrNo=2449&tlidSrchWd=한우&srchPgNo=1&src_area=elist
한우,농협안심한우 양지 국거리용 1+등급 200g(세절),21980,http://item.ssgcdn.com/97/12/92/item/0000007921297_i2_232.jpg,http://earlymorning.ssg.com/item/itemView.ssg?itemId=2097000913384&siteNo=7009&salestrNo=2449&tlidSrchWd=한우&srchPgNo=1&src_area=elist
한우,냉장한우등심스테이크용1등급300g,34485,http://item.ssgcdn.com/18/41/33/item/1000012334118_i1_232.jpg,http://earlymorning.ssg.com/item/itemView.ssg?itemId=2097000257013&siteNo=7009&salestrNo=2449&tlidSrchWd=한우&srchPgNo=1&src_area=elist
한우,냉장한우채끝구이용1+등급300g,41985,http://item.ssgcdn.com/18/41/33/item/1000012334118_i2_232.jpg,http://earlymorning.ssg.com/item/itemView.ssg?itemId=2097000257259&siteNo=7009&salestrNo=2449&tlidSrchWd=한우&srchPgNo=1&src_area=elist
한우,냉동 한우 설도 바로구이 300g,15806,http://item.ssgcdn.com/14/33/30/item/0000008303314_i1_232.jpg,http://earlymorning.ssg.com/item/itemView.ssg?itemId=2097000984797&siteNo=7009&salestrNo=2449&tlidSrchWd=한우&srchPgNo=1&src_area=elist
한우,한우설도샤브샤브1등급(100g/팩)(소팩),5800,http://item.ssgcdn.com/14/33/30/item/0000008303314_i2_232.jpg,http://emart.ssg.com//item/itemView.ssg?itemId=1000011987491&siteNo=6001&salestrNo=2034&tlidSrchWd=한우&srchPgNo=1&src_area=elist
한우,농협안심한우 채끝 구이용 1+등급 200g,37980,http://item.ssgcdn.com/06/70/25/item/2097000257006_i1_232.jpg,http://earlymorning.ssg.com/item/itemView.ssg?itemId=2097000912103&siteNo=7009&salestrNo=2449&tlidSrchWd=한우&srchPgNo=1&src_area=elist
한우,(원)한우 사태 (1등급 이상) (100g),6200,http://item.ssgcdn.com/06/70/25/item/2097000257006_i2_232.jpg,http://emart.ssg.com//item/itemView.ssg?itemId=1000028417110&siteNo=6001&salestrNo=2034&tlidSrchWd=한우&srchPgNo=1&src_area=elist
한우,[냉동]우리맛소 국내산 소고기 국거리용 200g,8480,http://item.ssgcdn.com/55/41/33/item/1000012334155_i1_232.jpg,http://earlymorning.ssg.com/item/itemView.ssg?itemId=2097000840789&siteNo=7009&salestrNo=2449&tlidSrchWd=한우&srchPgNo=1&src_area=elist
한우,[냉동]설성목장 무항생제 한우 차돌박이 구이용 300g (1등급이상),31800,http://item.ssgcdn.com/55/41/33/item/1000012334155_i2_232.jpg,http://earlymorning.ssg.com/item/itemView.ssg?itemId=2097000809953&siteNo=7009&salestrNo=2449&tlidSrchWd=한우&srchPgNo=1&src_area=elist
한우,한우등심(구이용)1+등급300g(팩),42980,http://item.ssgcdn.com/80/47/98/item/2097000984780_i1_232.jpg,http://earlymorning.ssg.com/item/itemView.ssg?itemId=2097000081526&siteNo=7009&salestrNo=2449&tlidSrchWd=한우&srchPgNo=1&src_area=elist
한우,냉장한우등심구이용1+등급300g,37418,http://item.ssgcdn.com/80/47/98/item/2097000984780_i2_232.jpg,http://earlymorning.ssg.com/item/itemView.ssg?itemId=2097000257181&siteNo=7009&salestrNo=2449&tlidSrchWd=한우&srchPgNo=1&src_area=elist
한우,농협안심한우 양지 국거리용 1+등급 200g(덩어리),21980,http://item.ssgcdn.com/93/69/25/item/2097000256993_i1_232.jpg,http://earlymorning.ssg.com/item/itemView.ssg?itemId=2097000913360&siteNo=7009&salestrNo=2449&tlidSrchWd=한우&srchPgNo=1&src_area=elist
한우,[냉동]우리맛소 국내산 소고기 차돌박이 150g,9800,http://item.ssgcdn.com/22/41/33/item/1000012334122_i1_232.jpg,http://earlymorning.ssg.com/item/itemView.ssg?itemId=2097000841410&siteNo=7009&salestrNo=2449&tlidSrchWd=한우&srchPgNo=1&src_area=elist
한우,농협안심한우 설깃살 구이용 1+등급 200g,15984,http://item.ssgcdn.com/22/41/33/item/1000012334122_i2_232.jpg,http://earlymorning.ssg.com/item/itemView.ssg?itemId=2097000913018&siteNo=7009&salestrNo=2449&tlidSrchWd=한우&srchPgNo=1&src_area=elist
한우,무항생제 한우 다짐육 240g(30g*8개입)(냉동),15920,http://item.ssgcdn.com/80/92/98/item/2097000989280_i1_232.jpg,http://earlymorning.ssg.com/item/itemView.ssg?itemId=2097000780290&siteNo=7009&salestrNo=2449&tlidSrchWd=한우&srchPgNo=1&src_area=elist
한우,횡성축협한우 다짐육 300g,19980,http://item.ssgcdn.com/80/92/98/item/2097000989280_i2_232.jpg,http://earlymorning.ssg.com/item/itemView.ssg?itemId=2097000837406&siteNo=7009&salestrNo=2449&tlidSrchWd=한우&srchPgNo=1&src_area=elist
한우,냉장한우장조림용(정육)1+등급300g,20980,http://item.ssgcdn.com/00/03/81/item/2097000810300_i1_232.jpg,http://earlymorning.ssg.com/item/itemView.ssg?itemId=2097000257242&siteNo=7009&salestrNo=2449&tlidSrchWd=한우&srchPgNo=1&src_area=elist
한우,주간 on단독행사 (축산/수산),944,http://item.ssgcdn.com/00/03/81/item/2097000810300_i2_232.jpg,http://emart.ssg.com//item/dealItemView.ssg?itemId=1000041781398&siteNo=6001&salestrNo=2034&tlidSrchWd=한우&srchPgNo=1&src_area=elist
한우,냉장한우잡채용(정육)1등급300g,19980,http://item.ssgcdn.com/96/07/84/item/2097000840796_i1_232.jpg,http://earlymorning.ssg.com/item/itemView.ssg?itemId=2097000257037&siteNo=7009&salestrNo=2449&tlidSrchWd=한우&srchPgNo=1&src_area=elist
한우,냉장한우앞다리시즈닝스테이크200g,9588,http://item.ssgcdn.com/96/07/84/item/2097000840796_i2_232.jpg,http://earlymorning.ssg.com/item/itemView.ssg?itemId=2097000261508&siteNo=7009&salestrNo=2449&tlidSrchWd=한우&srchPgNo=1&src_area=elist
한우,[한우] 김해축협 한우양념불고기(냉장) 300g,12980,http://item.ssgcdn.com/14/71/41/item/1000028417114_i1_232.jpg,http://earlymorning.ssg.com/item/itemView.ssg?itemId=2097000257617&siteNo=7009&salestrNo=2449&tlidSrchWd=한우&srchPgNo=1&src_area=elist
한우,한우사태찜1등급300g(팩),11388,http://item.ssgcdn.com/14/71/41/item/1000028417114_i2_232.jpg,http://earlymorning.ssg.com/item/itemView.ssg?itemId=2097000078151&siteNo=7009&salestrNo=2449&tlidSrchWd=한우&srchPgNo=1&src_area=elist
한우,[냉장] 설성목장 무항생제 한우 설도 불고기용 300g (1등급이상),13680,http://item.ssgcdn.com/44/81/07/item/2097000078144_i1_232.jpg,http://earlymorning.ssg.com/item/itemView.ssg?itemId=2097000810324&siteNo=7009&salestrNo=2449&tlidSrchWd=한우&srchPgNo=1&src_area=elist
한우,[wet에이징]냉장 한우 보섭살 구이 300g,22980,http://item.ssgcdn.com/44/81/07/item/2097000078144_i2_232.jpg,http://earlymorning.ssg.com/item/itemView.ssg?itemId=2097000984667&siteNo=7009&salestrNo=2449&tlidSrchWd=한우&srchPgNo=1&src_area=elist
한우,암소한우 불고기 1등급200g,12980,http://item.ssgcdn.com/24/76/25/item/2097000257624_i1_232.jpg,http://earlymorning.ssg.com/item/itemView.ssg?itemId=2097000895819&siteNo=7009&salestrNo=2449&tlidSrchWd=한우&srchPgNo=1&src_area=elist
한우,횡성한우채끝1+등급구이(팩)100g,18800,http://item.ssgcdn.com/24/76/25/item/2097000257624_i2_232.jpg,http://emart.ssg.com//item/itemView.ssg?itemId=1000014930989&siteNo=6001&salestrNo=2034&tlidSrchWd=한우&srchPgNo=1&src_area=elist
한우,냉장한우안심구이용1등급300g,48784,http://item.ssgcdn.com/82/70/25/item/2097000257082_i1_232.jpg,http://earlymorning.ssg.com/item/itemView.ssg?itemId=2097000257099&siteNo=7009&salestrNo=2449&tlidSrchWd=한우&srchPgNo=1&src_area=elist
한우,한우채끝구이용1등급(100g/팩)(소팩),13500,http://item.ssgcdn.com/82/70/25/item/2097000257082_i2_232.jpg,http://emart.ssg.com//item/itemView.ssg?itemId=1000005013098&siteNo=6001&salestrNo=2034&tlidSrchWd=한우&srchPgNo=1&src_area=elist
한우,횡성한우등심1+등급(팩)100g,15800,http://item.ssgcdn.com/11/72/25/item/2097000257211_i1_232.jpg,http://emart.ssg.com//item/itemView.ssg?itemId=1000006170986&siteNo=6001&salestrNo=2034&tlidSrchWd=한우&srchPgNo=1&src_area=elist
한우,(소)횡성한우국거리1++(7)등급,7800,http://item.ssgcdn.com/11/72/25/item/2097000257211_i2_232.jpg,http://emart.ssg.com//item/itemView.ssg?itemId=1000042651911&siteNo=6001&salestrNo=2034&tlidSrchWd=한우&srchPgNo=1&src_area=elist
한우,횡성한우 채끝 1등급 구이(팩)100g,17800,http://item.ssgcdn.com/75/70/25/item/2097000257075_i1_232.jpg,http://emart.ssg.com//item/itemView.ssg?itemId=1000014931008&siteNo=6001&salestrNo=2034&tlidSrchWd=한우&srchPgNo=1&src_area=elist
한우,한우국거리1+등급이상300g(팩),11988,http://item.ssgcdn.com/75/70/25/item/2097000257075_i2_232.jpg,http://earlymorning.ssg.com/item/itemView.ssg?itemId=2097000081557&siteNo=7009&salestrNo=2449&tlidSrchWd=한우&srchPgNo=1&src_area=elist
한우,한우등심(구이용)1등급300g(팩),39980,http://item.ssgcdn.com/37/81/07/item/2097000078137_i1_232.jpg,http://earlymorning.ssg.com/item/itemView.ssg?itemId=2097000084855&siteNo=7009&salestrNo=2449&tlidSrchWd=한우&srchPgNo=1&src_area=elist
한우,한우불고기1+등급이상300g(팩),11988,http://item.ssgcdn.com/37/81/07/item/2097000078137_i2_232.jpg,http://earlymorning.ssg.com/item/itemView.ssg?itemId=2097000081540&siteNo=7009&salestrNo=2449&tlidSrchWd=한우&srchPgNo=1&src_area=elist
한우,냉장한우국거리(미절단)1등급500g,32980,http://item.ssgcdn.com/44/70/25/item/2097000257044_i1_232.jpg,http://earlymorning.ssg.com/item/itemView.ssg?itemId=2097000846057&siteNo=7009&salestrNo=2449&tlidSrchWd=한우&srchPgNo=1&src_area=elist
한우,냉장한우양지국거리(절단)1등급300g,26980,http://item.ssgcdn.com/44/70/25/item/2097000257044_i2_232.jpg,http://earlymorning.ssg.com/item/itemView.ssg?itemId=2097000257051&siteNo=7009&salestrNo=2449&tlidSrchWd=한우&srchPgNo=1&src_area=elist
한우,냉장한우불고기1등급500g,32980,http://item.ssgcdn.com/81/46/98/item/2097000984681_i1_232.jpg,http://earlymorning.ssg.com/item/itemView.ssg?itemId=2097000846040&siteNo=7009&salestrNo=2449&tlidSrchWd=한우&srchPgNo=1&src_area=elist
한우,냉장한우양지국거리(미절단)1등급300g,26980,http://item.ssgcdn.com/81/46/98/item/2097000984681_i2_232.jpg,http://earlymorning.ssg.com/item/itemView.ssg?itemId=2097000257068&siteNo=7009&salestrNo=2449&tlidSrchWd=한우&srchPgNo=1&src_area=elist
한우,한우 국거리/불고기 ~40%,17904,http://item.ssgcdn.com/84/33/91/item/2097000913384_i1_232.jpg,http://emart.ssg.com//item/dealItemView.ssg?itemId=1000040612928&siteNo=6001&salestrNo=2034&tlidSrchWd=한우&srchPgNo=1&src_area=elist
한우,(원)한우 양지 (1+등급) (100g),8300,http://item.ssgcdn.com/84/33/91/item/2097000913384_i2_232.jpg,http://emart.ssg.com//item/itemView.ssg?itemId=1000028417112&siteNo=6001&salestrNo=2034&tlidSrchWd=한우&srchPgNo=1&src_area=elist
한우,[대구축협] 팔공참한우 1+등급 채끝 400g,73000,http://item.ssgcdn.com/13/70/25/item/2097000257013_i1_232.jpg,http://shinsegaemall.ssg.com/item/itemView.ssg?itemId=1000042551516&siteNo=6004&salestrNo=6005
한우,(냉장)국내산 소고기 사태(국거리) 1kg,27900,http://item.ssgcdn.com/13/70/25/item/2097000257013_i2_232.jpg,http://traders.ssg.com/item/itemView.ssg?itemId=1000034080935&siteNo=6002&salestrNo=6005
한우,[대구축협] 팔공참한우 1+등급 불고기 400g,24000,http://item.ssgcdn.com/59/72/25/item/2097000257259_i1_232.jpg,http://shinsegaemall.ssg.com/item/itemView.ssg?itemId=1000042551724&siteNo=6004&salestrNo=6005
한우,[대구축협] 팔공참한우 1+등급 등심 400g,65000,http://item.ssgcdn.com/59/72/25/item/2097000257259_i2_232.jpg,http://shinsegaemall.ssg.com/item/itemView.ssg?itemId=1000042551008&siteNo=6004&salestrNo=6005
한우,[대구축협] 팔공참한우 1등급  국거리 300g,15000,http://item.ssgcdn.com/97/47/98/item/2097000984797_i1_232.jpg,http://shinsegaemall.ssg.com/item/itemView.ssg?itemId=1000040682774&siteNo=6004&salestrNo=6005
한우,[대구축협] 팔공참한우 1+등급 국거리 400g,21500,http://item.ssgcdn.com/97/47/98/item/2097000984797_i2_232.jpg,http://shinsegaemall.ssg.com/item/itemView.ssg?itemId=1000042552200&siteNo=6004&salestrNo=6005
한우,양념 소불고기 (1.5kg),24800,http://item.ssgcdn.com/91/74/98/item/1000011987491_i1_232.jpg,http://traders.ssg.com/item/itemView.ssg?itemId=1000033635307&siteNo=6002&salestrNo=6005
한우,[대구축협] 팔공참한우 1등급 불고기 300g,17300,http://item.ssgcdn.com/91/74/98/item/1000011987491_i2_232.jpg,http://shinsegaemall.ssg.com/item/itemView.ssg?itemId=1000040681833&siteNo=6004&salestrNo=6005
한우,[대구축협] 팔공참한우 1+등급  양지 400g,31500,http://item.ssgcdn.com/03/21/91/item/2097000912103_i1_232.jpg,http://shinsegaemall.ssg.com/item/itemView.ssg?itemId=1000042552332&siteNo=6004&salestrNo=6005
한우,[농협안심한우]꼬리 사골 잡뼈 보신세트4.5kg,29900,http://item.ssgcdn.com/03/21/91/item/2097000912103_i2_232.jpg,http://shinsegaemall.ssg.com/item/itemView.ssg?itemId=1000041033830&siteNo=6004&salestrNo=6005
한우,[대구축협] 팔공참한우 1+등급 사태 400g,21500,http://item.ssgcdn.com/10/71/41/item/1000028417110_i1_232.jpg,http://shinsegaemall.ssg.com/item/itemView.ssg?itemId=1000042552423&siteNo=6004&salestrNo=6005
한우,우족1kg+사골1kg+잡뼈1kg,24900,http://item.ssgcdn.com/10/71/41/item/1000028417110_i2_232.jpg,http://shinsegaemall.ssg.com/item/itemView.ssg?itemId=1000028099000&siteNo=6004&salestrNo=6005
한우,[냉장]1++등급 한우 사태 400g,15400,http://item.ssgcdn.com/89/07/84/item/2097000840789_i1_232.jpg,http://shinsegaemall.ssg.com/item/itemView.ssg?itemId=1000030850877&siteNo=6004&salestrNo=6005
한우,[대구축협] 팔공참한우 1+등급 안심 400g,83000,http://item.ssgcdn.com/89/07/84/item/2097000840789_i2_232.jpg,http://shinsegaemall.ssg.com/item/itemView.ssg?itemId=1000042551392&siteNo=6004&salestrNo=6005
한우,"[냉장]한우 꽃갈비살(1+ 이상, 구이용 200g)",40000,http://item.ssgcdn.com/53/99/80/item/2097000809953_i1_232.jpg,http://shinsegaemall.ssg.com/item/itemView.ssg?itemId=1000050661730&siteNo=6004&salestrNo=6005
한우,[농협안심한우]소꼬리 반골5kg(냉동),49900,http://item.ssgcdn.com/53/99/80/item/2097000809953_i2_232.jpg,http://shinsegaemall.ssg.com/item/itemView.ssg?itemId=1000041990811&siteNo=6004&salestrNo=6005
한우,한우앞다리 시즈닝스테이크(100g)(팩),6800,http://item.ssgcdn.com/26/15/08/item/2097000081526_i1_232.jpg,http://emart.ssg.com//item/itemView.ssg?itemId=1000027322645&siteNo=6001&salestrNo=2034&tlidSrchWd=한우&srchPgNo=1&src_area=preference&taste=PCart
한우,한우안심 헤비스테이크 (100g)(팩),16800,http://item.ssgcdn.com/26/15/08/item/2097000081526_i5_232.jpg,http://emart.ssg.com//item/itemView.ssg?itemId=1000027389181&siteNo=6001&salestrNo=2034&tlidSrchWd=한우&srchPgNo=1&src_area=preference&taste=PClick
한우,[정담][냉동]명품 횡성한우 정성가득 정육세트 1호(1.8kg),118000,http://item.ssgcdn.com/81/71/25/item/2097000257181_i1_232.jpg,http://emart.ssg.com//item/itemView.ssg?itemId=0000005410098&siteNo=6001&salestrNo=6005&tlidSrchWd=한우&srchPgNo=1&src_area=preference&taste=PClip
한우,한우설도 시즈닝스테이크(100g),6800,http://item.ssgcdn.com/81/71/25/item/2097000257181_i2_232.jpg,http://emart.ssg.com//item/itemView.ssg?itemId=1000027275667&siteNo=6001&salestrNo=2034&tlidSrchWd=한우&srchPgNo=1&src_area=preference&taste=PClick
한우,[냉장][장흥명품한우할인직판장] 구이1호 1.3kg(등심600g+채끝500g+안심200g),141000,http://item.ssgcdn.com/60/33/91/item/2097000913360_i1_232.jpg,http://emart.ssg.com//item/itemView.ssg?itemId=1000009982861&siteNo=6001&salestrNo=6005&tlidSrchWd=한우&srchPgNo=1&src_area=preference&taste=PClip
한우,[냉장][순천참한우유통] 구이3호 1kg(등심500g+채끝500g),119000,http://item.ssgcdn.com/60/33/91/item/2097000913360_i2_232.jpg,http://emart.ssg.com//item/itemView.ssg?itemId=1000028966345&siteNo=6001&salestrNo=6005&tlidSrchWd=한우&srchPgNo=1&src_area=preference&taste=PClip
한우,한우채끝구이용1등급(100g/팩)(소팩),13500,http://item.ssgcdn.com/10/14/84/item/2097000841410_i1_232.jpg,http://emart.ssg.com//item/itemView.ssg?itemId=1000005013098&siteNo=6001&salestrNo=2034&tlidSrchWd=한우&srchPgNo=1&src_area=ervw
한우,횡성한우등심1+등급(팩)100g,15800,http://item.ssgcdn.com/10/14/84/item/2097000841410_i2_232.jpg,http://emart.ssg.com//item/itemView.ssg?itemId=1000006170986&siteNo=6001&salestrNo=2034&tlidSrchWd=한우&srchPgNo=1&src_area=ervw
한우,한우앞다리 시즈닝스테이크(100g)(팩),6800,http://item.ssgcdn.com/18/30/91/item/2097000913018_i1_232.jpg,http://emart.ssg.com//item/itemView.ssg?itemId=1000027322645&siteNo=6001&salestrNo=2034&tlidSrchWd=한우&srchPgNo=1&src_area=ervw
한우,한우설도 시즈닝스테이크(100g),6800,http://item.ssgcdn.com/18/30/91/item/2097000913018_i2_232.jpg,http://emart.ssg.com//item/itemView.ssg?itemId=1000027275667&siteNo=6001&salestrNo=2034&tlidSrchWd=한우&srchPgNo=1&src_area=ervw
한우,[패밀리] 양념 소불고기 600g,11800,http://item.ssgcdn.com/90/02/78/item/2097000780290_i1_232.jpg,http://earlymorning.ssg.com/item/itemView.ssg?itemId=2097000013336&siteNo=7009&salestrNo=2449&tlidSrchWd=한우&srchPgNo=1&src_area=ervw
한우,[피코크] 한우 고기 곰탕 500g,6700,http://item.ssgcdn.com/90/02/78/item/2097000780290_i2_232.jpg,http://emart.ssg.com//item/itemView.ssg?itemId=0000010370465&siteNo=6001&salestrNo=2034&tlidSrchWd=한우&srchPgNo=1&src_area=ervw
한우,한우안심 헤비스테이크 (100g)(팩),16800,http://item.ssgcdn.com/06/74/83/item/2097000837406_i1_232.jpg,http://emart.ssg.com//item/itemView.ssg?itemId=1000027389181&siteNo=6001&salestrNo=2034&tlidSrchWd=한우&srchPgNo=1&src_area=ervw
한우,한우채끝 헤비시즈닝스테이크(100g),15800,http://item.ssgcdn.com/06/74/83/item/2097000837406_i2_232.jpg,http://emart.ssg.com//item/itemView.ssg?itemId=1000028000651&siteNo=6001&salestrNo=2034&tlidSrchWd=한우&srchPgNo=1&src_area=ervw
한우,국내산 횡성 한우 사골 (1.5kg),20500,http://item.ssgcdn.com/42/72/25/item/2097000257242_i1_232.jpg,http://emart.ssg.com//item/itemView.ssg?itemId=0000007922131&siteNo=6001&salestrNo=2034&tlidSrchWd=한우&srchPgNo=1&src_area=ervw
한우,냉장한우국거리(절단)1등급300g,15984,http://item.ssgcdn.com/42/72/25/item/2097000257242_i2_232.jpg,http://earlymorning.ssg.com/item/itemView.ssg?itemId=2097000256979&siteNo=7009&salestrNo=2449&tlidSrchWd=한우&srchPgNo=1&src_area=ervw
한우,냉장한우불고기1등급300g,15984,http://item.ssgcdn.com/98/13/78/item/1000041781398_i1_232.jpg,http://earlymorning.ssg.com/item/itemView.ssg?itemId=2097000257020&siteNo=7009&salestrNo=2449&tlidSrchWd=한우&srchPgNo=1&src_area=ervw
한우,국내산 횡성 한우 꼬리 반골 (1.5kg),29500,http://item.ssgcdn.com/37/70/25/item/2097000257037_i1_232.jpg,http://emart.ssg.com//item/itemView.ssg?itemId=0000007921296&siteNo=6001&salestrNo=2034&tlidSrchWd=한우&srchPgNo=1&src_area=ervw
한우,한우를 사랑해요,13000,http://item.ssgcdn.com/37/70/25/item/2097000257037_i2_232.jpg,http://emart.ssg.com//item/itemView.ssg?itemId=1000038042014&siteNo=6001&salestrNo=6005&tlidSrchWd=한우&srchPgNo=1&src_area=ebook
한우,한우비육과번식,14400,http://item.ssgcdn.com/08/15/26/item/2097000261508_i1_232.jpg,http://emart.ssg.com//item/itemView.ssg?itemId=1000037631321&siteNo=6001&salestrNo=6005&tlidSrchWd=한우&srchPgNo=1&src_area=ebook
한우,필로 교수의 한우 고기 예찬,13500,http://item.ssgcdn.com/08/15/26/item/2097000261508_i2_232.jpg,http://emart.ssg.com//item/itemView.ssg?itemId=1000038067576&siteNo=6001&salestrNo=6005&tlidSrchWd=한우&srchPgNo=1&src_area=ebook
한우,한우물 파면 강이된다(독서로 성공한 사람들),13500,http://item.ssgcdn.com/17/76/25/item/2097000257617_i1_232.jpg,http://emart.ssg.com//item/itemView.ssg?itemId=1000037826255&siteNo=6001&salestrNo=6005&tlidSrchWd=한우&srchPgNo=1&src_area=ebook
바나나,[필리핀산] Dole 스위티오 바나나 1.3kg 내외,4980,http://item.ssgcdn.com/31/32/54/item/1000033543231_i1_232.jpg,http://emart.ssg.com//item/itemView.ssg?itemId=1000033543231&siteNo=6001&salestrNo=2034&tlidSrchWd=바나나&srchPgNo=1&src_area=elist
바나나,Dole 스위티오 바나나 1kg (봉),3984,http://item.ssgcdn.com/17/53/93/item/2097000935317_i1_232.jpg,http://earlymorning.ssg.com/item/itemView.ssg?itemId=2097000935317&siteNo=7009&salestrNo=2449&tlidSrchWd=바나나&srchPgNo=1&src_area=elist
바나나,멕시코산 썬팜 골드 바나나 1.2kg (봉),3480,http://item.ssgcdn.com/17/53/93/item/2097000935317_i2_232.jpg,http://earlymorning.ssg.com/item/itemView.ssg?itemId=2097000821290&siteNo=7009&salestrNo=2449&tlidSrchWd=바나나&srchPgNo=1&src_area=elist
바나나,멕시코산 썬팜 스낵팩 바나나 600g (봉),1980,http://item.ssgcdn.com/90/12/82/item/2097000821290_i1_232.jpg,http://earlymorning.ssg.com/item/itemView.ssg?itemId=2097000970837&siteNo=7009&salestrNo=2449&tlidSrchWd=바나나&srchPgNo=1&src_area=elist
바나나,Dole 미니 바나나,3900,http://item.ssgcdn.com/90/12/82/item/2097000821290_i2_232.jpg,http://emart.ssg.com//item/itemView.ssg?itemId=1000027235545&siteNo=6001&salestrNo=2034&tlidSrchWd=바나나&srchPgNo=1&src_area=elist
바나나,Dole 반반한 바나나 4입(팩),2880,http://item.ssgcdn.com/37/08/97/item/2097000970837_i1_232.jpg,http://earlymorning.ssg.com/item/itemView.ssg?itemId=2097000953243&siteNo=7009&salestrNo=2449&tlidSrchWd=바나나&srchPgNo=1&src_area=elist
바나나,Dole 스위티오 바나나 2입 (봉),1504,http://item.ssgcdn.com/37/08/97/item/2097000970837_i2_232.jpg,http://earlymorning.ssg.com/item/itemView.ssg?itemId=2097000936406&siteNo=7009&salestrNo=2449&tlidSrchWd=바나나&srchPgNo=1&src_area=elist
바나나,[필리핀산] 로즈 바나나,3900,http://item.ssgcdn.com/45/55/23/item/1000027235545_i1_232.jpg,http://emart.ssg.com//item/itemView.ssg?itemId=1000004896415&siteNo=6001&salestrNo=2034&tlidSrchWd=바나나&srchPgNo=1&src_area=elist
바나나,바나나 모음,4980,http://item.ssgcdn.com/45/55/23/item/1000027235545_i2_232.jpg,http://emart.ssg.com//item/dealItemView.ssg?itemId=1000034450217&siteNo=6001&salestrNo=2034&tlidSrchWd=바나나&srchPgNo=1&src_area=elist
바나나,"청정 고산지대에서 태어난 바나나의 왕, 감숙왕 바나나 1.5kg  (봉)",6784,http://item.ssgcdn.com/43/32/95/item/2097000953243_i1_232.jpg,http://earlymorning.ssg.com/item/itemView.ssg?itemId=2097000896816&siteNo=7009&salestrNo=2449&tlidSrchWd=바나나&srchPgNo=1&src_area=elist
바나나,"바나나의 명품, 스위티오 바나나 1.5kg (봉)",6784,http://item.ssgcdn.com/43/32/95/item/2097000953243_i2_232.jpg,http://earlymorning.ssg.com/item/itemView.ssg?itemId=2097000896809&siteNo=7009&salestrNo=2449&tlidSrchWd=바나나&srchPgNo=1&src_area=elist
바나나,바나나 3.9kg (1.3kg*3송이),13900,http://item.ssgcdn.com/06/64/93/item/2097000936406_i1_232.jpg,http://emart.ssg.com//item/itemView.ssg?itemId=1000029248387&siteNo=6001&salestrNo=6005&tlidSrchWd=바나나&srchPgNo=1&src_area=elist
바나나,달달한 바나나칩 (150g/봉),2980,http://item.ssgcdn.com/06/64/93/item/2097000936406_i2_232.jpg,http://earlymorning.ssg.com/item/itemView.ssg?itemId=2097001009482&siteNo=7009&salestrNo=2449&tlidSrchWd=바나나&srchPgNo=1&src_area=elist
바나나,냉동 딸기바나나 믹스 1KG,9980,http://item.ssgcdn.com/15/64/89/item/1000004896415_i1_232.jpg,http://emart.ssg.com//item/itemView.ssg?itemId=1000011710249&siteNo=6001&salestrNo=2034&tlidSrchWd=바나나&srchPgNo=1&src_area=elist
바나나,냉동 아보카도 바나나믹스 750g,10800,http://item.ssgcdn.com/15/64/89/item/1000004896415_i2_232.jpg,http://emart.ssg.com//item/itemView.ssg?itemId=1000028911520&siteNo=6001&salestrNo=2034&tlidSrchWd=바나나&srchPgNo=1&src_area=elist
바나나,팜스 스미후루 고당도 바나나 1.3kg/한송이(3만원이상 구매시 무료배송),5800,http://item.ssgcdn.com/17/02/45/item/1000034450217_i1_232.jpg,http://emart.ssg.com//item/itemView.ssg?itemId=1000017436541&siteNo=6001&salestrNo=6005&tlidSrchWd=바나나&srchPgNo=1&src_area=elist
바나나,바나나칩 (20g*6입/박스),3980,http://item.ssgcdn.com/16/68/89/item/2097000896816_i1_232.jpg,http://emart.ssg.com//item/itemView.ssg?itemId=2097000983516&siteNo=6001&salestrNo=2449&tlidSrchWd=바나나&srchPgNo=1&src_area=elist
바나나,스위티오 바나나 3.9kg (1.3kg*3송이),15900,http://item.ssgcdn.com/16/68/89/item/2097000896816_i2_232.jpg,http://emart.ssg.com//item/itemView.ssg?itemId=1000030829338&siteNo=6001&salestrNo=6005&tlidSrchWd=바나나&srchPgNo=1&src_area=elist
바나나,딸기맛 바나나칩 100g,3800,http://item.ssgcdn.com/09/68/89/item/2097000896809_i1_232.jpg,http://emart.ssg.com//item/itemView.ssg?itemId=1000033373093&siteNo=6001&salestrNo=2034&tlidSrchWd=바나나&srchPgNo=1&src_area=elist
바나나,유기농 바나나칩 500g,6780,http://item.ssgcdn.com/09/68/89/item/2097000896809_i2_232.jpg,http://emart.ssg.com//item/itemView.ssg?itemId=1000034020591&siteNo=6001&salestrNo=2034&tlidSrchWd=바나나&srchPgNo=1&src_area=elist
바나나,[비티원후르츠] 델몬트 바나나 (1.5kg내외) 1수,8250,http://item.ssgcdn.com/87/83/24/item/1000029248387_i1_232.jpg,http://emart.ssg.com//item/itemView.ssg?itemId=1000021248377&siteNo=6001&salestrNo=6005&tlidSrchWd=바나나&srchPgNo=1&src_area=elist
바나나,[자연원] 두번엄선한 딸기바나나믹스 1kg x 1팩,9980,http://item.ssgcdn.com/87/83/24/item/1000029248387_i2_232.jpg,http://emart.ssg.com//item/itemView.ssg?itemId=1000034539301&siteNo=6001&salestrNo=6005&tlidSrchWd=바나나&srchPgNo=1&src_area=elist
바나나, 유기농바나나(팩/500g),3500,http://item.ssgcdn.com/82/94/00/item/2097001009482_i1_232.jpg,http://emart.ssg.com//item/itemView.ssg?itemId=1000011994462&siteNo=6001&salestrNo=6005&tlidSrchWd=바나나&srchPgNo=1&src_area=elist
바나나,냉동 바나나(15mm슬라이스) 1kg x 5,28900,http://item.ssgcdn.com/82/94/00/item/2097001009482_i2_232.jpg,http://emart.ssg.com//item/itemView.ssg?itemId=1000053651153&siteNo=6001&salestrNo=6005&tlidSrchWd=바나나&srchPgNo=1&src_area=elist
바나나,바나나 13kg (1.3kg*10송이),39900,http://item.ssgcdn.com/49/02/71/item/1000011710249_i1_232.jpg,http://emart.ssg.com//item/itemView.ssg?itemId=1000029335900&siteNo=6001&salestrNo=6005&tlidSrchWd=바나나&srchPgNo=1&src_area=elist
바나나,바나나 3~4개입 (700g내외),2500,http://item.ssgcdn.com/49/02/71/item/1000011710249_i2_232.jpg,http://emart.ssg.com//item/itemView.ssg?itemId=1000042985893&siteNo=6001&salestrNo=6005&tlidSrchWd=바나나&srchPgNo=1&src_area=elist
바나나,하루과채 바나나 2입 소포장,1700,http://item.ssgcdn.com/20/15/91/item/1000028911520_i1_232.jpg,http://emart.ssg.com//item/itemView.ssg?itemId=1000051447861&siteNo=6001&salestrNo=6005&tlidSrchWd=바나나&srchPgNo=1&src_area=elist
바나나,고당도 델몬트 고산지 바나나 5kg 내외 (4수),21900,http://item.ssgcdn.com/20/15/91/item/1000028911520_i2_232.jpg,http://emart.ssg.com//item/itemView.ssg?itemId=1000042156250&siteNo=6001&salestrNo=6005&tlidSrchWd=바나나&srchPgNo=1&src_area=elist
바나나,땅끝농부 무농약 국산바나나 3kg/산지직송,29900,http://item.ssgcdn.com/41/65/43/item/1000017436541_i1_232.jpg,http://emart.ssg.com//item/itemView.ssg?itemId=1000054719090&siteNo=6001&salestrNo=6005&tlidSrchWd=바나나&srchPgNo=1&src_area=elist
바나나,땅끝농부 무농약 국산바나나 5kg/산지직송,49900,http://item.ssgcdn.com/16/35/98/item/2097000983516_i1_232.jpg,http://emart.ssg.com//item/itemView.ssg?itemId=1000054719091&siteNo=6001&salestrNo=6005&tlidSrchWd=바나나&srchPgNo=1&src_area=elist
바나나,[맛다름][품질보장]필리핀 고당도 바나나 2다발/2~3kg사이,15000,http://item.ssgcdn.com/16/35/98/item/2097000983516_i2_232.jpg,http://emart.ssg.com//item/itemView.ssg?itemId=1000043132825&siteNo=6001&salestrNo=6005&tlidSrchWd=바나나&srchPgNo=1&src_area=elist
바나나, 바나나 초코퐁듀,2800,http://item.ssgcdn.com/38/93/82/item/1000030829338_i1_232.jpg,http://emart.ssg.com//item/itemView.ssg?itemId=1000053174588&siteNo=6001&salestrNo=6005&tlidSrchWd=바나나&srchPgNo=1&src_area=elist
바나나,[필리핀] 고당도 바나나 2다발 2~3kg내외_아이스박스,15000,http://item.ssgcdn.com/38/93/82/item/1000030829338_i2_232.jpg,http://emart.ssg.com//item/itemView.ssg?itemId=1000034985951&siteNo=6001&salestrNo=6005&tlidSrchWd=바나나&srchPgNo=1&src_area=elist
바나나, 바나나 초코DIP,2500,http://item.ssgcdn.com/93/30/37/item/1000033373093_i1_232.jpg,http://emart.ssg.com//item/itemView.ssg?itemId=1000053175072&siteNo=6001&salestrNo=6005&tlidSrchWd=바나나&srchPgNo=1&src_area=elist
바나나,고당도 필리핀 바나나 8~9손 랜덤(13kg) 1박스,33200,http://item.ssgcdn.com/93/30/37/item/1000033373093_i2_232.jpg,http://emart.ssg.com//item/itemView.ssg?itemId=1000040450076&siteNo=6001&salestrNo=6005&tlidSrchWd=바나나&srchPgNo=1&src_area=elist
바나나,바나나 6kg내외 3~4수내외 아이스박스/이푸드,30500,http://item.ssgcdn.com/91/05/02/item/1000034020591_i1_232.jpg,http://emart.ssg.com//item/itemView.ssg?itemId=1000036699861&siteNo=6001&salestrNo=6005&tlidSrchWd=바나나&srchPgNo=1&src_area=elist
바나나,냉동 바나나(슬라이스) 1kg,7500,http://item.ssgcdn.com/91/05/02/item/1000034020591_i2_232.jpg,http://emart.ssg.com//item/itemView.ssg?itemId=1000021023903&siteNo=6001&salestrNo=6005&tlidSrchWd=바나나&srchPgNo=1&src_area=elist
바나나,고당도 필리핀 바나나 6손(13kg) 1박스,33200,http://item.ssgcdn.com/77/83/24/item/1000021248377_i1_232.jpg,http://emart.ssg.com//item/itemView.ssg?itemId=1000040450074&siteNo=6001&salestrNo=6005&tlidSrchWd=바나나&srchPgNo=1&src_area=elist
바나나,바나나 2다발 3~4kg내외 아이스박스/이푸드,20900,http://item.ssgcdn.com/01/93/53/item/1000034539301_i1_232.jpg,http://emart.ssg.com//item/itemView.ssg?itemId=1000036699862&siteNo=6001&salestrNo=6005&tlidSrchWd=바나나&srchPgNo=1&src_area=elist
바나나,[델몬트]과테말라바나나6손(7.8kg),29900,http://item.ssgcdn.com/62/44/99/item/1000011994462_i1_232.jpg,http://emart.ssg.com//item/itemView.ssg?itemId=1000021336005&siteNo=6001&salestrNo=6005&tlidSrchWd=바나나&srchPgNo=1&src_area=elist
바나나,[필리핀] 바나나 6kg내외 1박스 (3~4수)+아이스박스,26000,http://item.ssgcdn.com/53/11/65/item/1000053651153_i1_232.jpg,http://emart.ssg.com//item/itemView.ssg?itemId=1000033792798&siteNo=6001&salestrNo=6005&tlidSrchWd=바나나&srchPgNo=1&src_area=elist
바나나,고당도 델몬트 고산지 바나나 2.5kg 내외 (2수),12900,http://item.ssgcdn.com/00/59/33/item/1000029335900_i1_232.jpg,http://emart.ssg.com//item/itemView.ssg?itemId=1000042156176&siteNo=6001&salestrNo=6005&tlidSrchWd=바나나&srchPgNo=1&src_area=elist
바나나,달콤함이 꽉찬 바나나 6kg내외(4~5수)/이푸드,37500,http://item.ssgcdn.com/93/58/98/item/1000042985893_i1_232.jpg,http://emart.ssg.com//item/itemView.ssg?itemId=1000036800378&siteNo=6001&salestrNo=6005&tlidSrchWd=바나나&srchPgNo=1&src_area=elist
바나나,달콤함이 꽉찬 바나나 2수 2~3kg내외/이푸드,17500,http://item.ssgcdn.com/61/78/44/item/1000051447861_i1_232.jpg,http://emart.ssg.com//item/itemView.ssg?itemId=1000036800377&siteNo=6001&salestrNo=6005&tlidSrchWd=바나나&srchPgNo=1&src_area=elist
바나나,냉동 바나나(15mm슬라이스) 1kg x 10,51900,http://item.ssgcdn.com/61/78/44/item/1000051447861_i2_232.jpg,http://emart.ssg.com//item/itemView.ssg?itemId=1000054172142&siteNo=6001&salestrNo=6005&tlidSrchWd=바나나&srchPgNo=1&src_area=elist
바나나,[가락시장 경매 식자재 과일][필리핀] 바나나 13.5kg내외 6수/box,42000,http://item.ssgcdn.com/50/62/15/item/1000042156250_i1_232.jpg,http://emart.ssg.com//item/itemView.ssg?itemId=1000042897639&siteNo=6001&salestrNo=6005&tlidSrchWd=바나나&srchPgNo=1&src_area=elist
바나나,필리핀 바나나 6과 (개당2kg내외),31900,http://item.ssgcdn.com/50/62/15/item/1000042156250_i2_232.jpg,http://emart.ssg.com//item/itemView.ssg?itemId=1000042661362&siteNo=6001&salestrNo=6005&tlidSrchWd=바나나&srchPgNo=1&src_area=elist
바나나,[델몬트]과테말라바나나3손(3.9kg),16900,http://item.ssgcdn.com/90/90/71/item/1000054719090_i1_232.jpg,http://emart.ssg.com//item/itemView.ssg?itemId=1000021248376&siteNo=6001&salestrNo=6005&tlidSrchWd=바나나&srchPgNo=1&src_area=elist
바나나,고당도 브랜드 바나나 13kg 6~9수,47800,http://item.ssgcdn.com/91/90/71/item/1000054719091_i1_232.jpg,http://emart.ssg.com//item/itemView.ssg?itemId=1000019628801&siteNo=6001&salestrNo=6005&tlidSrchWd=바나나&srchPgNo=1&src_area=elist
바나나,고당도 브랜드 바나나 3kg내외  1~2수,17300,http://item.ssgcdn.com/25/28/13/item/1000043132825_i1_232.jpg,http://emart.ssg.com//item/itemView.ssg?itemId=1000020162079&siteNo=6001&salestrNo=6005&tlidSrchWd=바나나&srchPgNo=1&src_area=elist
바나나,필리핀 바나나 8과 (개당1.5kg내외),31900,http://item.ssgcdn.com/25/28/13/item/1000043132825_i2_232.jpg,http://emart.ssg.com//item/itemView.ssg?itemId=1000042661361&siteNo=6001&salestrNo=6005&tlidSrchWd=바나나&srchPgNo=1&src_area=elist
바나나,과일 소믈리에 브랜딩 국산 무농약 바나나(750g) 과일 선물 세트(집들이 선물/부모님 선물),25000,http://item.ssgcdn.com/88/45/17/item/1000053174588_i1_232.jpg,http://emart.ssg.com//item/itemView.ssg?itemId=1000037586881&siteNo=6001&salestrNo=6005&tlidSrchWd=바나나&srchPgNo=1&src_area=elist
바나나,바나나(델몬트/돌) 2.7~3.2kg/ 2과내외/삼경,16500,http://item.ssgcdn.com/51/59/98/item/1000034985951_i1_232.jpg,http://emart.ssg.com//item/itemView.ssg?itemId=1000027992027&siteNo=6001&salestrNo=6005&tlidSrchWd=바나나&srchPgNo=1&src_area=elist
바나나,[맛다름][품질보장]필리핀 바나나 2다발/3~4kg사이,26000,http://item.ssgcdn.com/72/50/17/item/1000053175072_i1_232.jpg,http://emart.ssg.com//item/itemView.ssg?itemId=1000043132795&siteNo=6001&salestrNo=6005&tlidSrchWd=바나나&srchPgNo=1&src_area=elist
바나나,[필리핀] 고당도 바나나 6kg내외 1박스 (4~5수)_아이스박스,31000,http://item.ssgcdn.com/76/00/45/item/1000040450076_i1_232.jpg,http://emart.ssg.com//item/itemView.ssg?itemId=1000034986123&siteNo=6001&salestrNo=6005&tlidSrchWd=바나나&srchPgNo=1&src_area=elist
바나나,대용량 달콤 싱싱 바나나 정품 8수~9수 13kg이내,39900,http://item.ssgcdn.com/76/00/45/item/1000040450076_i2_232.jpg,http://emart.ssg.com//item/itemView.ssg?itemId=1000022199835&siteNo=6001&salestrNo=6005&tlidSrchWd=바나나&srchPgNo=1&src_area=elist
바나나,고당도 브랜드 바나나 3kg내외 1~2수,17300,http://item.ssgcdn.com/61/98/69/item/1000036699861_i1_232.jpg,http://emart.ssg.com//item/itemView.ssg?itemId=1000019628595&siteNo=6001&salestrNo=6005&tlidSrchWd=바나나&srchPgNo=1&src_area=elist
바나나,[필리핀] 바나나 2다발 4~3kg내외+아이스박스포장,19000,http://item.ssgcdn.com/03/39/02/item/1000021023903_i1_232.jpg,http://emart.ssg.com//item/itemView.ssg?itemId=1000033792524&siteNo=6001&salestrNo=6005&tlidSrchWd=바나나&srchPgNo=1&src_area=elist
바나나,[가락시장 경매 식자재 과일][필리핀] 바나나 13.5kg내외 8수/box,42000,http://item.ssgcdn.com/74/00/45/item/1000040450074_i1_232.jpg,http://emart.ssg.com//item/itemView.ssg?itemId=1000042897757&siteNo=6001&salestrNo=6005&tlidSrchWd=바나나&srchPgNo=1&src_area=elist
바나나,[델몬트]필리핀바나나6손(9kg),38900,http://item.ssgcdn.com/74/00/45/item/1000040450074_i2_232.jpg,http://emart.ssg.com//item/itemView.ssg?itemId=1000021248378&siteNo=6001&salestrNo=6005&tlidSrchWd=바나나&srchPgNo=1&src_area=elist
바나나,고당도 델몬트 고산지 바나나 7.5kg 내외 (6수),31900,http://item.ssgcdn.com/62/98/69/item/1000036699862_i1_232.jpg,http://emart.ssg.com//item/itemView.ssg?itemId=1000042156532&siteNo=6001&salestrNo=6005&tlidSrchWd=바나나&srchPgNo=1&src_area=elist
바나나,대용량 달콤 싱싱 바나나 로얄과 6수 13kg이내,39900,http://item.ssgcdn.com/05/60/33/item/1000021336005_i1_232.jpg,http://emart.ssg.com//item/itemView.ssg?itemId=1000022199429&siteNo=6001&salestrNo=6005&tlidSrchWd=바나나&srchPgNo=1&src_area=elist
바나나,필리핀 고당도 바나나 대용량 8~9송이 13kg 내외,32900,http://item.ssgcdn.com/98/27/79/item/1000033792798_i1_232.jpg,http://emart.ssg.com//item/itemView.ssg?itemId=1000037939337&siteNo=6001&salestrNo=6005&tlidSrchWd=바나나&srchPgNo=1&src_area=elist
바나나,고당도 델몬트 고산지 바나나 15kg 내외 (12수),51900,http://item.ssgcdn.com/76/61/15/item/1000042156176_i1_232.jpg,http://emart.ssg.com//item/itemView.ssg?itemId=1000042157969&siteNo=6001&salestrNo=6005&tlidSrchWd=바나나&srchPgNo=1&src_area=elist
바나나,프리미엄 바나나(델몬트/돌) 13kg / 6~8과내외/삼경,45900,http://item.ssgcdn.com/76/61/15/item/1000042156176_i2_232.jpg,http://emart.ssg.com//item/itemView.ssg?itemId=1000033329792&siteNo=6001&salestrNo=6005&tlidSrchWd=바나나&srchPgNo=1&src_area=elist
바나나,고당도 필리핀 바나나 대용량 6송이 13kg 내외,30900,http://item.ssgcdn.com/78/03/80/item/1000036800378_i1_232.jpg,http://emart.ssg.com//item/itemView.ssg?itemId=1000037748335&siteNo=6001&salestrNo=6005&tlidSrchWd=바나나&srchPgNo=1&src_area=elist
바나나,[델몬트]필리핀바나나9손(13.5kg),55900,http://item.ssgcdn.com/77/03/80/item/1000036800377_i1_232.jpg,http://emart.ssg.com//item/itemView.ssg?itemId=1000021248379&siteNo=6001&salestrNo=6005&tlidSrchWd=바나나&srchPgNo=1&src_area=elist
바나나,고당도 브랜드 바나나 13kg 6~9수,47800,http://item.ssgcdn.com/42/21/17/item/1000054172142_i1_232.jpg,http://emart.ssg.com//item/itemView.ssg?itemId=1000020162085&siteNo=6001&salestrNo=6005&tlidSrchWd=바나나&srchPgNo=1&src_area=elist
바나나,냉동 딸기 바나나 믹스 1KG / DJ 스무디 쥬스용,6870,http://item.ssgcdn.com/39/76/89/item/1000042897639_i1_232.jpg,http://emart.ssg.com//item/itemView.ssg?itemId=1000031737709&siteNo=6001&salestrNo=6005&tlidSrchWd=바나나&srchPgNo=1&src_area=elist
바나나,[자연원] 두번엄선한 냉동아보카도바나나 믹스 750g x 1팩,9480,http://item.ssgcdn.com/39/76/89/item/1000042897639_i2_232.jpg,http://emart.ssg.com//item/itemView.ssg?itemId=1000029001067&siteNo=6001&salestrNo=6005&tlidSrchWd=바나나&srchPgNo=1&src_area=elist
바나나,바나나칩 1kg,8900,http://item.ssgcdn.com/62/13/66/item/1000042661362_i1_232.jpg,http://emart.ssg.com//item/itemView.ssg?itemId=1000023717289&siteNo=6001&salestrNo=6005&tlidSrchWd=바나나&srchPgNo=1&src_area=elist
바나나,냉동 딸기 바나나 믹스 4KG(1kgx4팩) / BF 스무디 쥬스용,29900,http://item.ssgcdn.com/62/13/66/item/1000042661362_i7_232.jpg,http://emart.ssg.com//item/itemView.ssg?itemId=1000031738671&siteNo=6001&salestrNo=6005&tlidSrchWd=바나나&srchPgNo=1&src_area=elist
바나나,비나밋 믹스 과일칩 100g 야채칩 건조과일 바나나 칩,2300,http://item.ssgcdn.com/76/83/24/item/1000021248376_i1_232.jpg,http://emart.ssg.com//item/itemView.ssg?itemId=1000020843534&siteNo=6001&salestrNo=6005&tlidSrchWd=바나나&srchPgNo=1&src_area=elist
바나나,[콜롬비아산] 스미후루 마운틴 바나나,2980,http://item.ssgcdn.com/01/88/62/item/1000019628801_i1_232.jpg,http://emart.ssg.com//item/itemView.ssg?itemId=1000054413263&siteNo=6001&salestrNo=2034&tlidSrchWd=바나나&srchPgNo=1&src_area=elist
바나나,하루과일 바나나 2입/봉,990,http://item.ssgcdn.com/79/20/16/item/1000020162079_i1_232.jpg,http://emart.ssg.com//item/itemView.ssg?itemId=1000029971114&siteNo=6001&salestrNo=2034&tlidSrchWd=바나나&srchPgNo=1&src_area=elist
바나나,다바오 바나나칩 450g,7980,http://item.ssgcdn.com/61/13/66/item/1000042661361_i1_232.jpg,http://emart.ssg.com//item/itemView.ssg?itemId=1000005273730&siteNo=6001&salestrNo=2034&tlidSrchWd=바나나&srchPgNo=1&src_area=elist
바나나,향기가득 부드러운 로즈바나나 1송이 (팩),3980,http://item.ssgcdn.com/61/13/66/item/1000042661361_i7_232.jpg,http://earlymorning.ssg.com/item/itemView.ssg?itemId=2097001073445&siteNo=7009&salestrNo=2449&tlidSrchWd=바나나&srchPgNo=1&src_area=elist
바나나,Dole 유기농 바나나 1.2kg 내외,4980,http://item.ssgcdn.com/81/68/58/item/1000037586881_i1_232.jpg,http://earlymorning.ssg.com/item/itemView.ssg?itemId=1000031785422&siteNo=7009&salestrNo=2449&tlidSrchWd=바나나&srchPgNo=1&src_area=elist
바나나,필리핀 바나나 8과 (개당1.5kg내외),31900,http://item.ssgcdn.com/81/68/58/item/1000037586881_i2_232.jpg,http://emart.ssg.com//item/itemView.ssg?itemId=1000044088439&siteNo=6001&salestrNo=6005&tlidSrchWd=바나나&srchPgNo=1&src_area=elist
바나나,필리핀 바나나 6과 (개당2kg내외),31900,http://item.ssgcdn.com/27/20/99/item/1000027992027_i1_232.jpg,http://emart.ssg.com//item/itemView.ssg?itemId=1000044088438&siteNo=6001&salestrNo=6005&tlidSrchWd=바나나&srchPgNo=1&src_area=elist
바나나,바나나 3.9kg (1.3kg*3송이),13900,http://item.ssgcdn.com/95/27/13/item/1000043132795_i1_232.jpg,http://shinsegaemall.ssg.com/item/itemView.ssg?itemId=1000029248387&siteNo=6004&salestrNo=6005
바나나,팜스 스미후루 고당도 바나나 1.3kg/한송이(3만원이상 구매시 무료배송),5800,http://item.ssgcdn.com/95/27/13/item/1000043132795_i2_232.jpg,http://shinsegaemall.ssg.com/item/itemView.ssg?itemId=1000017436541&siteNo=6004&salestrNo=6005
바나나,스위티오 바나나 3.9kg (1.3kg*3송이),15900,http://item.ssgcdn.com/23/61/98/item/1000034986123_i1_232.jpg,http://shinsegaemall.ssg.com/item/itemView.ssg?itemId=1000030829338&siteNo=6004&salestrNo=6005
바나나,[비티원후르츠] 델몬트 바나나 (1.5kg내외) 1수,8250,http://item.ssgcdn.com/35/98/19/item/1000022199835_i1_232.jpg,http://shinsegaemall.ssg.com/item/itemView.ssg?itemId=1000021248377&siteNo=6004&salestrNo=6005
바나나,[자연원] 두번엄선한 딸기바나나믹스 1kg x 1팩,9980,http://item.ssgcdn.com/35/98/19/item/1000022199835_i2_232.jpg,http://shinsegaemall.ssg.com/item/itemView.ssg?itemId=1000034539301&siteNo=6004&salestrNo=6005
바나나, 유기농바나나(팩/500g),3500,http://item.ssgcdn.com/95/85/62/item/1000019628595_i1_232.jpg,http://shinsegaemall.ssg.com/item/itemView.ssg?itemId=1000011994462&siteNo=6004&salestrNo=6005
바나나,냉동 바나나(15mm슬라이스) 1kg x 5,28900,http://item.ssgcdn.com/24/25/79/item/1000033792524_i1_232.jpg,http://shinsegaemall.ssg.com/item/itemView.ssg?itemId=1000053651153&siteNo=6004&salestrNo=6005
바나나,바나나 13kg (1.3kg*10송이),39900,http://item.ssgcdn.com/24/25/79/item/1000033792524_i2_232.jpg,http://shinsegaemall.ssg.com/item/itemView.ssg?itemId=1000029335900&siteNo=6004&salestrNo=6005
바나나,바나나 3~4개입 (700g내외),2500,http://item.ssgcdn.com/57/77/89/item/1000042897757_i1_232.jpg,http://shinsegaemall.ssg.com/item/itemView.ssg?itemId=1000042985893&siteNo=6004&salestrNo=6005
바나나,하루과채 바나나 2입 소포장,1700,http://item.ssgcdn.com/57/77/89/item/1000042897757_i2_232.jpg,http://shinsegaemall.ssg.com/item/itemView.ssg?itemId=1000051447861&siteNo=6004&salestrNo=6005
바나나,고당도 델몬트 고산지 바나나 5kg 내외 (4수),21900,http://item.ssgcdn.com/78/83/24/item/1000021248378_i1_232.jpg,http://shinsegaemall.ssg.com/item/itemView.ssg?itemId=1000042156250&siteNo=6004&salestrNo=6005
바나나,땅끝농부 무농약 국산바나나 3kg/산지직송,29900,http://item.ssgcdn.com/32/65/15/item/1000042156532_i1_232.jpg,http://shinsegaemall.ssg.com/item/itemView.ssg?itemId=1000054719090&siteNo=6004&salestrNo=6005
바나나,땅끝농부 무농약 국산바나나 5kg/산지직송,49900,http://item.ssgcdn.com/32/65/15/item/1000042156532_i2_232.jpg,http://shinsegaemall.ssg.com/item/itemView.ssg?itemId=1000054719091&siteNo=6004&salestrNo=6005
바나나,[맛다름][품질보장]필리핀 고당도 바나나 2다발/2~3kg사이,15000,http://item.ssgcdn.com/29/94/19/item/1000022199429_i1_232.jpg,http://shinsegaemall.ssg.com/item/itemView.ssg?itemId=1000043132825&siteNo=6004&salestrNo=6005
바나나, 바나나 초코퐁듀,2800,http://item.ssgcdn.com/29/94/19/item/1000022199429_i2_232.jpg,http://shinsegaemall.ssg.com/item/itemView.ssg?itemId=1000053174588&siteNo=6004&salestrNo=6005
바나나,[필리핀] 고당도 바나나 2다발 2~3kg내외_아이스박스,15000,http://item.ssgcdn.com/37/93/93/item/1000037939337_i1_232.jpg,http://shinsegaemall.ssg.com/item/itemView.ssg?itemId=1000034985951&siteNo=6004&salestrNo=6005
바나나,[필리핀산] Dole 스위티오 바나나 1.3kg 내외,4980,http://item.ssgcdn.com/69/79/15/item/1000042157969_i1_232.jpg,http://emart.ssg.com//item/itemView.ssg?itemId=1000033543231&siteNo=6001&salestrNo=2034&tlidSrchWd=바나나&srchPgNo=1&src_area=preference&taste=PPurchase
바나나,바나나 3.9kg (1.3kg*3송이),13900,http://item.ssgcdn.com/69/79/15/item/1000042157969_i2_232.jpg,http://emart.ssg.com//item/itemView.ssg?itemId=1000029248387&siteNo=6001&salestrNo=6005&tlidSrchWd=바나나&srchPgNo=1&src_area=preference&taste=PClick
바나나,[필리핀산] 로즈 바나나,3900,http://item.ssgcdn.com/92/97/32/item/1000033329792_i1_232.jpg,http://emart.ssg.com//item/itemView.ssg?itemId=1000004896415&siteNo=6001&salestrNo=2034&tlidSrchWd=바나나&srchPgNo=1&src_area=preference&taste=PClip
바나나,[빙그레] 바나나맛 우유(240ml4개) 960ml,4580,http://item.ssgcdn.com/35/83/74/item/1000037748335_i1_232.jpg,http://emart.ssg.com//item/itemView.ssg?itemId=0000006615596&siteNo=6001&salestrNo=2034&tlidSrchWd=바나나&srchPgNo=1&src_area=preference&taste=PPurchase
바나나,팜스 스미후루 고당도 바나나 1.3kg/한송이(3만원이상 구매시 무료배송),5800,http://item.ssgcdn.com/79/83/24/item/1000021248379_i1_232.jpg,http://emart.ssg.com//item/itemView.ssg?itemId=1000017436541&siteNo=6001&salestrNo=6005&tlidSrchWd=바나나&srchPgNo=1&src_area=preference&taste=PClick
바나나,Dole 미니 바나나,3900,http://item.ssgcdn.com/85/20/16/item/1000020162085_i1_232.jpg,http://emart.ssg.com//item/itemView.ssg?itemId=1000027235545&siteNo=6001&salestrNo=2034&tlidSrchWd=바나나&srchPgNo=1&src_area=preference&taste=PClip
바나나,[필리핀산] Dole 스위티오 바나나 1.3kg 내외,4980,http://item.ssgcdn.com/09/77/73/item/1000031737709_i1_232.jpg,http://emart.ssg.com//item/itemView.ssg?itemId=1000033543231&siteNo=6001&salestrNo=2034&tlidSrchWd=바나나&srchPgNo=1&src_area=ervw
바나나,[콜롬비아산] 스미후루 마운틴 바나나,2980,http://item.ssgcdn.com/09/77/73/item/1000031737709_i2_232.jpg,http://emart.ssg.com//item/itemView.ssg?itemId=1000054413263&siteNo=6001&salestrNo=2034&tlidSrchWd=바나나&srchPgNo=1&src_area=ervw
바나나,하루과일 바나나 2입/봉,990,http://item.ssgcdn.com/67/10/00/item/1000029001067_i1_232.jpg,http://emart.ssg.com//item/itemView.ssg?itemId=1000029971114&siteNo=6001&salestrNo=2034&tlidSrchWd=바나나&srchPgNo=1&src_area=ervw
바나나,Dole 스위티오 바나나 1kg (봉),3984,http://item.ssgcdn.com/89/72/71/item/1000023717289_i1_232.jpg,http://earlymorning.ssg.com/item/itemView.ssg?itemId=2097000935317&siteNo=7009&salestrNo=2449&tlidSrchWd=바나나&srchPgNo=1&src_area=ervw
바나나,멕시코산 썬팜 골드 바나나 1.2kg (봉),3480,http://item.ssgcdn.com/71/86/73/item/1000031738671_i1_232.jpg,http://earlymorning.ssg.com/item/itemView.ssg?itemId=2097000821290&siteNo=7009&salestrNo=2449&tlidSrchWd=바나나&srchPgNo=1&src_area=ervw
바나나,멕시코산 썬팜 스낵팩 바나나 600g (봉),1980,http://item.ssgcdn.com/71/86/73/item/1000031738671_i2_232.jpg,http://earlymorning.ssg.com/item/itemView.ssg?itemId=2097000970837&siteNo=7009&salestrNo=2449&tlidSrchWd=바나나&srchPgNo=1&src_area=ervw
바나나,Dole 미니 바나나,3900,http://item.ssgcdn.com/34/35/84/item/1000020843534_i1_232.jpg,http://emart.ssg.com//item/itemView.ssg?itemId=1000027235545&siteNo=6001&salestrNo=2034&tlidSrchWd=바나나&srchPgNo=1&src_area=ervw
바나나,Dole 반반한 바나나 4입(팩),2880,http://item.ssgcdn.com/63/32/41/item/1000054413263_i1_232.jpg,http://earlymorning.ssg.com/item/itemView.ssg?itemId=2097000953243&siteNo=7009&salestrNo=2449&tlidSrchWd=바나나&srchPgNo=1&src_area=ervw
바나나,Dole 스위티오 바나나 2입 (봉),1504,http://item.ssgcdn.com/14/11/97/item/1000029971114_i1_232.jpg,http://earlymorning.ssg.com/item/itemView.ssg?itemId=2097000936406&siteNo=7009&salestrNo=2449&tlidSrchWd=바나나&srchPgNo=1&src_area=ervw
바나나,[필리핀산] 로즈 바나나,3900,http://item.ssgcdn.com/14/11/97/item/1000029971114_i2_232.jpg,http://emart.ssg.com//item/itemView.ssg?itemId=1000004896415&siteNo=6001&salestrNo=2034&tlidSrchWd=바나나&srchPgNo=1&src_area=ervw
바나나,"청정 고산지대에서 태어난 바나나의 왕, 감숙왕 바나나 1.5kg  (봉)",6784,http://item.ssgcdn.com/30/37/27/item/1000005273730_i1_232.jpg,http://earlymorning.ssg.com/item/itemView.ssg?itemId=2097000896816&siteNo=7009&salestrNo=2449&tlidSrchWd=바나나&srchPgNo=1&src_area=ervw
바나나,다바오 바나나칩 450g,7980,http://item.ssgcdn.com/30/37/27/item/1000005273730_i2_232.jpg,http://emart.ssg.com//item/itemView.ssg?itemId=1000005273730&siteNo=6001&salestrNo=2034&tlidSrchWd=바나나&srchPgNo=1&src_area=ervw
바나나,바나나,9720,http://item.ssgcdn.com/45/34/07/item/2097001073445_i1_232.jpg,http://emart.ssg.com//item/itemView.ssg?itemId=1000027966451&siteNo=6001&salestrNo=6005&tlidSrchWd=바나나&srchPgNo=1&src_area=ebook
바나나,바나나,11700,http://item.ssgcdn.com/45/34/07/item/2097001073445_i2_232.jpg,http://emart.ssg.com//item/itemView.ssg?itemId=1000039329336&siteNo=6001&salestrNo=6005&tlidSrchWd=바나나&srchPgNo=1&src_area=ebook
바나나,바나나!,11700,http://item.ssgcdn.com/22/54/78/item/1000031785422_i1_232.jpg,http://emart.ssg.com//item/itemView.ssg?itemId=1000039201598&siteNo=6001&salestrNo=6005&tlidSrchWd=바나나&srchPgNo=1&src_area=ebook
바나나,나는 바나나다,13320,http://item.ssgcdn.com/22/54/78/item/1000031785422_i2_232.jpg,http://emart.ssg.com//item/itemView.ssg?itemId=1000052584568&siteNo=6001&salestrNo=6005&tlidSrchWd=바나나&srchPgNo=1&src_area=ebook
